vehicle_id,listing_date,manufacture_year,brand,vehicle_type,battery_capacity_kwh,battery_health_pct,range_km,km_driven,charging_time_hr,fast_charging,owner_count,city,service_history,resale_price
EV-20170,2025-01-01,2021,Nexora,SUV,46.9,89.6,313,28454,10,No,1,Chennai,Complete,1527836
EV-20530,2025-01-02,2025,Nexora,Crossover,80.6,99.5,543,183935.8448,7.1,No,2,Chennai,Complete,2040760
EV-20654,2025-01-03,2019,Nexora,Crossover,53.9,91.2,,12003,3.6,Yes,1,Chennai,Complete,1830249
EV-20935,2025-01-04,2022,GreenDrive,Hatchback,60.1,89.3,528,13623,7.8,Yes,2,Delhi,Complete,1726422
EV-20827,2025-01-05,2024,GreenDrive,Sedan,53,92,264,28548,6.1,No,1,Pune,Complete,1642232
EV-20547,2025-01-06,2022,Atheron,Crossover,44.1,89.6,407,37590,5.5,No,4,Mumbai,Complete,1533320
EV-20961,2025-01-07,2017,Atheron,Sedan,34.9,89.9,468,11615,5,No,1,Mumbai,Complete,1605157
EV-20584,2025-01-08,2017,Nexora,Hatchback,41.6,95.1,419,6999,6.8,No,1,Bengaluru,,1589566
EV-20708,2025-01-09,2025,Nexora,Sedan,51.9,92.6,522,128031,9.2,Yes,2,Pune,Complete,1608566
EV-20059,2025-01-10,2025,Atheron,Sedan,65.2,95.1,378,55670,5.7,Yes,1,Pune,Complete,1729157
EV-20859,2025-01-11,2023,E-Motion,SUV,74.4,89.7,323,28523,6.5,No,1,Delhi,Partial,1755898
EV-20922,2025-01-12,2021,GreenDrive,SUV,59,90.2,365,27800,9.5,Yes,2,Bengaluru,Complete,1674025
EV-20381,2025-01-13,2025,Nexora,Sedan,60.9,89.4,553,46088,7.3,Yes,2,Pune,Missing,1821084
EV-20023,2025-01-14,2020,E-Motion,Hatchback,,91.6,249,39537,7.8,Yes,1,Mumbai,Missing,1435208
EV-20541,2025-01-15,2019,Nexora,Sedan,60.6,100,551,11531,5.1,No,1,Pune,Missing,1889781
EV-20445,2025-01-16,2023,Nexora,Hatchback,61.2,83.2,372,102081,7.2,Yes,1,Pune,Partial,1589471
EV-20256,2025-01-17,2017,Voltix,Crossover,52.9,90.4,395,60192,4.4,Yes,1,Chennai,Complete,1590517
EV-20236,2025-01-18,2023,Nexora,Hatchback,74.6,96,400,47688,7.6,No,1,Mumbai,Complete,1721840
EV-20956,2025-01-19,2022,GreenDrive,Hatchback,61.3,94,358,28969,7.9,Yes,1,Chennai,Partial,1700375
EV-20301,2025-01-20,2025,E-Motion,Sedan,53.1,95.4,460,54736,5.4,Yes,3,Bengaluru,Complete,1820168
EV-20929,2025-01-21,2016,Voltix,SUV,79.7,93.6,412,20797,4.9,Yes,1,Pune,Complete,1899447
EV-20934,2025-01-22,2024,GreenDrive,Hatchback,26.9,84.9,417,31918,6,No,2,Delhi,Complete,1436470
EV-20842,2025-01-23,2025,Atheron,Crossover,50.1,93.7,193,73703,6.1,Yes,1,Chennai,Complete,1438113
EV-20663,2025-01-24,2024,Nexora,Crossover,48.1,94.3,331,47597,5.9,No,1,Chennai,Partial,1662876
EV-20501,2025-01-25,2022,GreenDrive,SUV,56.2,86.3,512,57420,5.2,No,1,Hyderabad,Missing,1651815
EV-20421,2025-01-26,2018,Nexora,Hatchback,58.9,91.3,323,52149,5.6,Yes,3,Delhi,Complete,1519960
EV-20208,2025-01-27,2019,GreenDrive,Crossover,37.1,89.1,376,29186,6.9,Yes,2,Delhi,Complete,1482521
EV-20085,2025-01-28,2022,Voltix,Sedan,96.5,85.1,424,26179,2.9,Yes,2,Pune,Missing,1835687
EV-20997,2025-01-29,2023,Voltix,Sedan,54.6,96.9,358,104549,5.6,No,1,Delhi,Complete,1486145
EV-20349,2025-01-30,2020,GreenDrive,SUV,73.5,87.8,268,31587,5.8,Yes,1,Mumbai,Complete,1701890
EV-20861,2025-01-31,2020,E-Motion,SUV,61.5,93.8,454,78882,7.7,Yes,1,Bengaluru,Partial,1640624
EV-20891,2025-02-01,2025,Voltix,Hatchback,28.7,90.4,370,17313,7.9,Yes,1,Pune,Partial,1467882
EV-20004,2025-02-02,2019,E-Motion,Sedan,53.7,,343,41146,5.5,Yes,2,Delhi,Complete,1523378
EV-20437,2025-02-03,2020,Nexora,Sedan,66.7,85.6,223,56661,5.2,Yes,1,Delhi,Complete,1447117
EV-20044,2025-02-04,2022,Voltix,Sedan,63.1,84.9,229,24479,7.1,No,3,Bengaluru,,1461421
EV-20163,2025-02-05,2024,Atheron,Crossover,49.6,83.1,389,69388,7.4,No,1,Mumbai,Partial,1496244
EV-20497,2025-02-06,2024,Voltix,SUV,55.8,95.7,319,24463,3.9,No,1,Mumbai,Complete,1785996
EV-20969,2025-02-07,2023,Voltix,Sedan,25,92.6,298,29927,6.8,Yes,1,Bengaluru,Complete,1493454
EV-20848,2025-02-08,2019,Voltix,Crossover,59.6,88.7,301,124714,5.5,No,2,Hyderabad,Partial,1214628
EV-20903,2025-02-09,2023,Voltix,Crossover,86.3,94.7,319,14228,6.3,Yes,1,Bengaluru,Complete,1939616
EV-20674,2025-02-10,2017,Atheron,Hatchback,73.1,91.9,361,171158,6.9,No,1,Delhi,Complete,1282088
EV-20056,2025-02-11,2017,E-Motion,Sedan,62.4,86.2,441,75640,5.4,Yes,2,Chennai,Partial,1509261
EV-20343,2025-02-12,2023,GreenDrive,Sedan,70.5,97.4,459,30452,5.3,No,1,Chennai,Complete,1801797
EV-20581,2025-02-13,2023,Nexora,Hatchback,53.3,89.7,306,18165,5.6,Yes,2,Hyderabad,Partial,1668387
EV-20493,2025-02-14,2024,Voltix,Sedan,37.5,90.4,466,45848,4.5,Yes,1,Mumbai,Complete,1595982
EV-20644,2025-02-15,2022,E-Motion,Crossover,71.2,79.8,558,180000,11.4,Yes,1,Pune,Complete,1451640
EV-20867,2025-02-16,2022,Voltix,Crossover,62.2,91.2,216,94847,6.1,Yes,1,Bengaluru,Complete,1399231
EV-20267,2025-02-17,2023,Atheron,Crossover,48.5,89.3,369,73786,7.5,No,1,Chennai,Complete,1544634
EV-20252,2025-02-18,2023,E-Motion,Hatchback,78.5,98.4,402,48735,6.3,Yes,2,Chennai,Complete,1819958
EV-20767,2025-02-19,2017,Atheron,Sedan,61,100,386,22223,5.5,Yes,3,Mumbai,Complete,1589237
EV-20986,2025-02-20,2019,Atheron,SUV,54.3,82.6,333,94774,6.9,Yes,2,Bengaluru,Complete,1395142
EV-20007,2025-02-21,2017,GreenDrive,Crossover,50.6,93.5,344,180000,5,No,3,Pune,Partial,1207024
EV-20560,2025-02-22,2019,E-Motion,SUV,,86.2,354,69808,7.5,Yes,1,Chennai,Complete,1448700
EV-20074,2025-02-23,2019,GreenDrive,Crossover,77.3,92,350,20656,5.3,Yes,3,Mumbai,Complete,1797030
EV-20838,2025-02-24,2019,GreenDrive,SUV,44.4,93,302,22682,6,Yes,1,Hyderabad,Partial,1638447
EV-20028,2025-02-25,2016,GreenDrive,Sedan,54.6,95.5,489,118881,6.4,No,1,Delhi,Complete,1416119
EV-20237,2025-02-26,2021,GreenDrive,SUV,86.7,98,,28634,6,No,1,Delhi,Partial,1860754
EV-20473,2025-02-27,2021,Voltix,SUV,49.9,90.8,320,29333,4.7,Yes,4,Bengaluru,Partial,1594906
EV-20506,2025-02-28,2024,E-Motion,SUV,55.3,90.4,513,21290,6.7,Yes,2,Delhi,Complete,1892574
EV-20959,2025-03-01,2024,Nexora,Hatchback,75.5,,315,41376,4.4,Yes,2,Delhi,Complete,1574581
EV-20980,2025-03-02,2020,E-Motion,Hatchback,49.3,95.4,443,31507,5.7,Yes,4,Pune,Complete,1528901
EV-20577,2025-03-03,2024,GreenDrive,Hatchback,49.8,98.6,407,76452,7.8,Yes,2,Delhi,Complete,1541662
EV-20552,2025-03-04,2017,GreenDrive,SUV,78.3,90.7,239,36946,4.4,Yes,2,Pune,Complete,1624590
EV-20782,2025-03-05,2022,Nexora,SUV,81.3,90.8,279,40172,3.3,No,4,Hyderabad,Complete,1657222
EV-20753,2025-03-06,2016,GreenDrive,Sedan,47.9,89.9,380,38375,6.4,Yes,4,Chennai,Complete,1518075
EV-20356,2025-03-07,2025,Atheron,Crossover,47.6,94.9,303,44227,8.5,No,1,Delhi,Complete,1653416
EV-20360,2025-03-08,2024,Nexora,Sedan,57,94.8,566,30573,8.6,No,2,Bengaluru,Complete,1834623
EV-20380,2025-03-09,2019,E-Motion,Hatchback,,93.2,533,29200,9.6,Yes,2,Bengaluru,Complete,1788504
EV-20412,2025-03-10,2016,GreenDrive,Sedan,69.9,96.9,288,48633,7.2,Yes,1,Hyderabad,Partial,1515125
EV-20257,2025-03-11,2024,E-Motion,Hatchback,35.8,89.6,383,69687,5.6,No,2,Chennai,Partial,1421903
EV-20251,2025-03-12,2018,Nexora,Hatchback,33.4,90.9,249,45831,7,No,1,Mumbai,Complete,1280332
EV-20973,2025-03-13,2019,Nexora,SUV,51.6,89.9,455,145360,3.8,Yes,3,Mumbai,Complete,1513411
EV-20515,2025-03-14,2016,GreenDrive,Hatchback,61.6,100,210,37482,7,Yes,1,Mumbai,Complete,1492498
EV-20713,2025-03-15,2023,E-Motion,SUV,32.7,96.4,165,29626,2.8,Yes,2,Bengaluru,Complete,1490287
EV-20392,2025-03-16,2023,GreenDrive,Hatchback,57.3,89.5,222,42843,4.2,Yes,1,Pune,Missing,1405329
EV-20874,2025-03-17,2016,Voltix,SUV,53.9,85.7,302,55598,5.5,Yes,1,Bengaluru,Complete,1521481
EV-20078,2025-03-18,2023,Atheron,Sedan,63.5,,473,105331,9.1,Yes,1,Delhi,Complete,1513230
EV-20049,2025-03-19,2019,Atheron,Hatchback,48.2,91.8,457,26669,3.8,No,1,Hyderabad,Complete,1561541
EV-20715,2025-03-20,2016,GreenDrive,Sedan,75.9,78.9,546,58170,10.6,Yes,2,Bengaluru,Complete,1532159
EV-20382,2025-03-21,2019,E-Motion,Hatchback,52.3,89.7,343,155700,6.9,No,3,Pune,Complete,1196611
EV-20549,2025-03-22,2022,GreenDrive,Hatchback,61.1,95.5,311,48260,10,No,1,Mumbai,Complete,1522789
EV-20653,2025-03-23,2019,Atheron,Crossover,61.4,92.3,398,72412,10.6,No,4,Chennai,Complete,1267473
EV-20386,2025-03-24,2017,GreenDrive,Crossover,47.1,92.4,440,106594,7.8,Yes,1,Hyderabad,Complete,1455230
EV-20455,2025-03-25,2023,Voltix,SUV,69.8,89,252,74224,6,Yes,1,Hyderabad,Complete,1488522
EV-20238,2025-03-26,2016,Nexora,SUV,73.3,90.7,531,13442,5.6,Yes,1,Hyderabad,Complete,1886520
EV-20175,2025-03-27,2023,E-Motion,Sedan,54.9,81.7,349,100601,4,No,1,Delhi,Complete,1444137
EV-20285,2025-03-28,2021,Atheron,Crossover,49.9,96.8,440,30444,6.8,No,2,Bengaluru,Partial,1624505
EV-20622,2025-03-29,2021,Atheron,Sedan,81.6,86.7,376,61926,6.7,No,2,Pune,Complete,1557835
EV-20955,2025-03-30,2016,E-Motion,Hatchback,78.1,98,291,8232,4.1,Yes,1,Delhi,Complete,1726590
EV-20452,2025-03-31,2020,Voltix,SUV,35,97.4,410,27314,8.6,Yes,1,Delhi,Complete,1698644
EV-20630,2025-04-01,2018,Nexora,Hatchback,81.9,89.6,433,47486,4.6,Yes,2,Bengaluru,Partial,1735292
EV-20607,2025-04-02,2025,Voltix,Sedan,71.5,91.2,402,13806,5.8,Yes,4,Pune,Complete,1856159
EV-20399,2025-04-03,2020,E-Motion,Hatchback,75.3,91,310,69409,5.5,Yes,2,Delhi,Partial,1538339
EV-20309,2025-04-04,2022,Atheron,Crossover,60.6,91.7,310,24882,6.1,Yes,1,Mumbai,Complete,1690713
EV-20563,2025-04-05,2019,Nexora,Crossover,33.7,96.9,278,63643,6.9,Yes,2,Bengaluru,Complete,1474551
EV-20316,2025-04-06,2021,E-Motion,Crossover,72.6,90.9,396,34604,7.5,Yes,2,Delhi,Complete,1729102
EV-20142,2025-04-07,2024,Atheron,Crossover,50.7,93.3,434,94661,6.8,No,1,Pune,Complete,1707869
EV-20384,2025-04-08,2018,GreenDrive,SUV,53.5,90,262,31428,4.2,Yes,2,Bengaluru,,1464637
EV-20254,2025-04-09,2019,Voltix,Hatchback,68.9,96.4,338,13154,5.6,No,1,Hyderabad,Complete,1693139
EV-20488,2025-04-10,2018,GreenDrive,SUV,63.7,98.8,334,6812,4,Yes,3,Delhi,Partial,1605711
EV-20606,2025-04-11,2016,Atheron,Sedan,61,99.3,395,23282,8.3,No,1,Hyderabad,Partial,1526969
EV-20276,2025-04-12,2021,Atheron,Crossover,79.4,84.6,367,66238,7.1,Yes,2,Bengaluru,Partial,1572654
EV-20667,2025-04-13,2018,Voltix,Sedan,67.6,97.7,432,61456,6.6,No,3,Pune,Complete,1559470
EV-20833,2025-04-14,2023,GreenDrive,Hatchback,89.9,87.8,340,121941,6.9,No,1,Delhi,Partial,1470380
EV-20777,2025-04-15,2024,Atheron,Crossover,46.1,90,253,9901,5.2,No,1,Hyderabad,Complete,1578645
EV-20274,2025-04-16,2021,Voltix,Sedan,68.7,93.7,539,60074,10.5,Yes,1,Chennai,Complete,1836140
EV-20026,2025-04-17,2020,Atheron,SUV,47.5,92.8,493,14546,5.8,Yes,1,Hyderabad,Missing,1821676
EV-20448,2025-04-18,2016,E-Motion,Crossover,83.5,87.8,341,28900,6.4,No,1,Hyderabad,Missing,1563775
EV-20938,2025-04-19,2019,Voltix,SUV,34.2,90.5,197,22269,6.4,Yes,1,Hyderabad,Complete,1475164
EV-20122,2025-04-20,2020,E-Motion,Crossover,52,88.5,254,67872,8,No,2,Mumbai,Complete,1313871
EV-20507,2025-04-21,2016,Voltix,SUV,70.5,97.5,347,33209,9.4,Yes,2,Hyderabad,Partial,1657028
EV-20873,2025-04-22,2016,E-Motion,SUV,62.5,88,462,57736,5.4,No,2,Pune,Partial,1551066
EV-20203,2025-04-23,2021,GreenDrive,Crossover,69.8,95.9,287,59591,3.7,No,1,Delhi,Partial,1655332
EV-20524,2025-04-24,2019,Atheron,Crossover,70.7,99.7,482,71485,6.4,Yes,2,Hyderabad,Partial,1732187
EV-20234,2025-04-25,2023,Atheron,Hatchback,,85,389,22534,5.3,No,1,Mumbai,Partial,1404427
EV-20626,2025-04-26,2022,Nexora,SUV,49.3,95.7,363,51847,10,Yes,1,Pune,Partial,1662127
EV-20325,2025-04-27,2018,Atheron,Hatchback,76.8,78.6,347,22215,7.4,No,1,Mumbai,Complete,1489913
EV-20693,2025-04-28,2024,E-Motion,Crossover,75.2,89.8,454,42871,7.2,Yes,3,Hyderabad,Missing,1595896
EV-20119,2025-04-29,2024,Nexora,Crossover,62.1,96.7,301,38207,7.1,No,2,Pune,Missing,1599517
EV-20011,2025-04-30,2016,Nexora,Sedan,57.9,99.5,,40831,8.4,Yes,4,Mumbai,Complete,1591429
EV-20832,2025-05-01,2020,Atheron,Sedan,48.9,87.8,157,16410,,No,4,Hyderabad,Complete,1208691
EV-20977,2025-05-02,2021,Voltix,Crossover,65.4,100,368,120505,3.7,No,1,Chennai,Complete,1666576
EV-20318,2025-05-03,2020,Nexora,Sedan,55.9,85.5,369,23592,3.6,Yes,3,Mumbai,Partial,1570432
EV-20288,2025-05-04,2016,E-Motion,Crossover,67.3,98.2,296,95955,7.8,Yes,2,Hyderabad,Complete,1401278
EV-20598,2025-05-05,2019,Atheron,Crossover,65.8,96.1,488,81666,7,No,1,Chennai,Complete,1643259
EV-20926,2025-05-06,2018,GreenDrive,Sedan,56.4,96.4,460,130363,,No,2,Delhi,,1483673
EV-20870,2025-05-07,2021,E-Motion,Sedan,50.9,89.8,370,28475,8.3,No,4,Bengaluru,,1478376
EV-20354,2025-05-08,2024,Nexora,Hatchback,40.4,92.1,327,32573,6.7,Yes,2,Delhi,Complete,1622289
EV-20403,2025-05-09,2024,E-Motion,Hatchback,70.8,90.3,302,136059,5.5,Yes,1,Pune,Complete,1508211
EV-20246,2025-05-10,2021,Atheron,Hatchback,58.7,85.3,476,33757,6.6,Yes,2,Hyderabad,Complete,1496639
EV-20185,2025-05-11,2021,Voltix,Hatchback,69.1,96.9,497,90267,7.9,Yes,1,Pune,Partial,1682811
EV-20856,2025-05-12,2016,Voltix,Hatchback,46.7,90,484,53327,6.7,Yes,1,Delhi,Partial,1633211
EV-20932,2025-05-13,2016,Nexora,Sedan,60.3,88.5,255,80109,8.2,No,2,Delhi,Complete,1395556
EV-20544,2025-05-14,2024,E-Motion,Sedan,38,93.9,511,67782,3.1,Yes,2,Chennai,Complete,1604620
EV-20646,2025-05-15,2025,Voltix,Sedan,49.2,,397,118969,6,Yes,1,Hyderabad,Partial,1471916
EV-20865,2025-05-16,2018,Nexora,SUV,51.4,77,273,119281,6.7,Yes,4,Bengaluru,Partial,1117512
EV-20845,2025-05-17,2023,Atheron,Hatchback,65.8,96.5,431,13920,,Yes,2,Hyderabad,Complete,1664322
EV-20499,2025-05-18,2022,GreenDrive,Hatchback,63.6,87.8,331,73000,9.5,Yes,3,Pune,Missing,1294238
EV-20013,2025-05-19,2025,GreenDrive,Crossover,52.4,97.9,282,61023,7.4,Yes,1,Hyderabad,Complete,1519160
EV-20278,2025-05-20,2017,E-Motion,Crossover,29.6,90.8,378,30651,7.9,No,1,Delhi,Complete,1435020
EV-20359,2025-05-21,2024,E-Motion,SUV,46.7,85.4,368,51950,6.4,Yes,1,Delhi,Missing,1683988
EV-20215,2025-05-22,2018,E-Motion,Hatchback,75.3,88.6,424,44040,6.1,No,1,Mumbai,Complete,1684857
EV-20783,2025-05-23,2016,Atheron,Crossover,71.9,94.1,379,22011,7.9,Yes,1,Hyderabad,Complete,1709115
EV-20949,2025-05-24,2025,E-Motion,Hatchback,49.6,98.5,289,35408,5.5,Yes,1,Chennai,Partial,1581813
EV-20114,2025-05-25,2020,Nexora,Crossover,71.8,84,277,103859,7.9,Yes,1,Mumbai,Partial,1488349
EV-20282,2025-05-26,2021,Voltix,SUV,64.4,87.8,340,49427,7.3,No,2,Pune,Complete,1540270
EV-20365,2025-05-27,2025,GreenDrive,Sedan,62.2,95,221,38692,8.5,Yes,2,Pune,Complete,1429221
EV-20420,2025-05-28,2019,GreenDrive,Crossover,49,98.4,439,33736,2.5,Yes,4,Hyderabad,,1472087
EV-20292,2025-05-29,2018,E-Motion,Sedan,68.1,90.4,468,57605,4.5,No,2,Delhi,Complete,1666242
EV-20127,2025-05-30,2024,Voltix,SUV,80.8,89.1,372,50135,6.3,Yes,1,Bengaluru,Complete,1832386
EV-20757,2025-05-31,2020,Voltix,Hatchback,61.7,87.7,360,20836,6.7,Yes,4,Delhi,Complete,1435341
EV-20518,2025-06-01,2016,Voltix,Crossover,40.2,90.7,310,63346,9.6,Yes,2,Mumbai,Complete,1225976
EV-20916,2025-06-02,2022,Voltix,Hatchback,81.5,90.3,275,63376,6.9,Yes,1,Bengaluru,Partial,1603053
EV-20565,2025-06-03,2024,Nexora,Hatchback,44.1,95.8,231,180000,6.5,Yes,1,Mumbai,Complete,1396601
EV-20402,2025-06-04,2023,E-Motion,Crossover,45.9,88.4,,24839,4.7,No,1,Chennai,Partial,1641155
EV-20502,2025-06-05,2016,Atheron,Sedan,61.5,88.4,,57727,6.4,Yes,3,Chennai,Complete,1486971
EV-20051,2025-06-06,2022,Voltix,Hatchback,74.6,93.2,,10698,4.9,Yes,2,Chennai,Complete,1736790
EV-20751,2025-06-07,2017,Nexora,Hatchback,54.3,90,330,112563,11,No,2,Pune,Partial,1227311
EV-20140,2025-06-08,2023,Nexora,Hatchback,83.2,85.1,281,51625,7.5,Yes,2,Mumbai,Complete,1642640
EV-20247,2025-06-09,2016,GreenDrive,Crossover,83.6,84,524,15182,9.6,No,1,Hyderabad,Complete,1807274
EV-20662,2025-06-10,2020,Atheron,Crossover,77,88.3,300,91575,7.4,No,1,Delhi,Complete,1424808
EV-20456,2025-06-11,2018,GreenDrive,SUV,100,90.1,363,19402,5.9,No,2,Mumbai,Complete,1878583
EV-20138,2025-06-12,2023,GreenDrive,SUV,63.2,90.6,323,65258,8.1,Yes,1,Mumbai,Complete,1599677
EV-20696,2025-06-13,2025,E-Motion,SUV,79.3,92.6,385,60382,5.2,Yes,1,Hyderabad,Missing,1908801
EV-20090,2025-06-14,2025,Atheron,SUV,48.2,93,452,30878,7.9,Yes,1,Hyderabad,Missing,1719541
EV-20416,2025-06-15,2022,GreenDrive,SUV,94.2,92.5,383,145919,5.3,No,1,Pune,Complete,1702137
EV-20786,2025-06-16,2018,E-Motion,SUV,52.9,91.3,560,66114,2.7,Yes,3,Mumbai,Complete,1655709
EV-20917,2025-06-17,2024,Nexora,Sedan,43.7,83.7,401,30345,5.6,Yes,3,Delhi,Missing,1481372
EV-20103,2025-06-18,2024,GreenDrive,Hatchback,50.8,87.7,,40450,4.7,Yes,1,Pune,Partial,1614208
EV-20083,2025-06-19,2019,Nexora,Hatchback,58.7,89.5,398,12642,6.2,Yes,1,Mumbai,Partial,1696722
EV-20352,2025-06-20,2021,GreenDrive,Hatchback,85.7,97.8,399,33734,7.8,Yes,1,Pune,Complete,1871155
EV-20655,2025-06-21,2025,Voltix,Crossover,60.9,96.6,339,116427,2,No,1,Bengaluru,Partial,1643359
EV-20183,2025-06-22,2021,GreenDrive,SUV,54,88,346,44679,5.6,No,3,Pune,Partial,1592776
EV-20459,2025-06-23,2025,GreenDrive,SUV,67.7,78.7,423,17861,7.8,Yes,1,Delhi,Complete,1713530
EV-20726,2025-06-24,2020,E-Motion,Hatchback,66.4,93.9,461,106704,8.6,No,1,Bengaluru,Complete,1512241
EV-20627,2025-06-25,2020,E-Motion,Crossover,54.1,86.8,363,20689,,Yes,1,Bengaluru,Complete,1537307
EV-20221,2025-06-26,2020,E-Motion,Sedan,,93.9,297,38771,,Yes,2,Delhi,Complete,1421800
EV-20323,2025-06-27,2018,Atheron,Hatchback,58.6,97.2,284,64498,4.2,Yes,1,Pune,Partial,1502188
EV-20614,2025-06-28,2016,Voltix,Hatchback,63.2,90.8,336,84429,7.5,No,1,Chennai,Complete,1347330
EV-20066,2025-06-29,2017,Nexora,Sedan,69.9,82.4,480,36604,4.6,Yes,2,Bengaluru,Complete,1677279
EV-20091,2025-06-30,2022,Atheron,Crossover,63.7,90.9,425,180000,3.8,Yes,1,Hyderabad,Complete,1474505
EV-20190,2025-07-01,2016,E-Motion,SUV,65.8,96.1,189,77848,6.7,Yes,2,Pune,Complete,1348827
EV-20465,2025-07-02,2025,Nexora,Sedan,54.5,85.4,362,64937,6.5,Yes,1,Hyderabad,Complete,1696533
EV-20789,2025-07-03,2023,GreenDrive,SUV,42.5,90.4,562,9498,9.4,Yes,2,Hyderabad,Complete,1684025
EV-20562,2025-07-04,2021,Nexora,Sedan,55.2,88.8,435,35173,7.3,Yes,1,Hyderabad,Partial,1727749
EV-20355,2025-07-05,2016,Atheron,Hatchback,49.3,86.1,460,30902,3.5,Yes,1,Hyderabad,Complete,1557581
EV-20393,2025-07-06,2025,Nexora,Hatchback,71.4,97.5,294,12977,6.2,Yes,2,Bengaluru,Partial,1846703
EV-20405,2025-07-07,2018,Atheron,Hatchback,72.2,95.1,571,25484,7.4,No,2,Delhi,,1769302
EV-20423,2025-07-08,2019,Atheron,Hatchback,51.3,98.4,510,24935,4.1,No,1,Mumbai,Partial,1674692
EV-20719,2025-07-09,2017,GreenDrive,Sedan,57.1,95.8,377,42010,6.3,No,1,Bengaluru,Partial,1525504
EV-20275,2025-07-10,2017,Atheron,Hatchback,90.6,100,356,40253,5.1,Yes,2,Hyderabad,Partial,1779099
EV-20120,2025-07-11,2022,E-Motion,Sedan,39.6,88.8,324,114526,7.9,No,1,Mumbai,Complete,1338479
EV-20330,2025-07-12,2025,Voltix,SUV,66.3,97.1,432,28356,3.9,No,2,Bengaluru,Complete,1852476
EV-20561,2025-07-13,2024,Nexora,Sedan,51.3,,419,43862,5.3,Yes,2,Mumbai,Complete,1725361
EV-20480,2025-07-14,2022,E-Motion,Crossover,28.6,91.7,440,58235,7.2,Yes,1,Mumbai,Complete,1466483
EV-20554,2025-07-15,2022,Nexora,Sedan,67.5,89.6,328,52486,4.3,Yes,2,Chennai,Missing,1567460
EV-20920,2025-07-16,2020,Nexora,Crossover,57,89.4,335,20946,5.3,Yes,1,Pune,Complete,1654467
EV-20553,2025-07-17,2017,Atheron,Sedan,84,90,341,47795,8,Yes,2,Bengaluru,Complete,1584511
EV-20945,2025-07-18,2021,Atheron,Sedan,39.7,86.4,328,31297,8.1,Yes,2,Delhi,Complete,1503260
EV-20165,2025-07-19,2023,GreenDrive,Crossover,39.9,82.1,287,22765,8.2,Yes,1,Hyderabad,Partial,1408504
EV-20250,2025-07-20,2018,Nexora,Sedan,61.2,87.8,355,90630,8.8,No,2,Pune,Missing,1257138
EV-20860,2025-07-21,2018,Atheron,Crossover,35.1,85.2,266,14726,5.7,Yes,2,Delhi,Complete,1314126
EV-20571,2025-07-22,2019,Atheron,SUV,48.3,100,276,40014,4.9,Yes,1,Chennai,Partial,1602042
EV-20730,2025-07-23,2019,Voltix,SUV,51.2,88.7,332,26863,5.3,Yes,2,Chennai,Partial,1595742
EV-20564,2025-07-24,2019,GreenDrive,SUV,56.4,87.2,236,62865,7.2,Yes,1,Chennai,Partial,1504570
EV-20855,2025-07-25,2025,Nexora,Crossover,70.9,89.2,417,53344,5.5,Yes,1,Pune,Complete,1856424
EV-20609,2025-07-26,2023,E-Motion,Hatchback,57.7,93.1,346,121784,3.3,No,1,Bengaluru,Partial,1577880
EV-20006,2025-07-27,2022,Voltix,SUV,34.3,100,270,30945,6.4,Yes,4,Pune,Partial,1504439
EV-20557,2025-07-28,2025,E-Motion,Hatchback,46.9,89.6,396,52443,3.4,No,1,Chennai,Complete,1553737
EV-20613,2025-07-29,2021,Nexora,Sedan,73.1,87.3,256,60738,5.6,Yes,1,Delhi,Complete,1588678
EV-20580,2025-07-30,2025,Voltix,SUV,45.2,89.3,308,31253,6.3,No,2,Delhi,Complete,1541855
EV-20308,2025-07-31,2017,Atheron,Crossover,44.9,94.9,373,41276,6.6,Yes,2,Chennai,Complete,1476509
EV-20936,2025-08-01,2021,E-Motion,Hatchback,54.5,86.7,300,76360,3.4,Yes,2,Delhi,Partial,1484598
EV-20505,2025-08-02,2016,Atheron,Sedan,51.1,89.2,330,141089,6.5,Yes,3,Chennai,Complete,1047190
EV-20336,2025-08-03,2016,Atheron,Hatchback,42.6,92.8,239,39237,6.8,Yes,3,Delhi,Complete,1235092
EV-20100,2025-08-04,2021,GreenDrive,Sedan,46.6,85.5,428,38332,8.3,Yes,2,Pune,Complete,1500493
EV-20024,2025-08-05,2023,Nexora,Crossover,58.3,98.7,522,36166,7,Yes,1,Delhi,Partial,2012814
EV-20152,2025-08-06,2021,E-Motion,SUV,68.5,88.3,240,139604,4.4,Yes,1,Mumbai,Complete,1345278
EV-20625,2025-08-07,2016,GreenDrive,Hatchback,41.9,88,294,180000,3.5,Yes,1,Bengaluru,Complete,1011244
EV-20483,2025-08-08,2019,Atheron,Hatchback,74.3,81.8,398,163251,5.5,Yes,2,Hyderabad,Partial,1340107
EV-20729,2025-08-09,2017,Nexora,Crossover,60.1,95.8,408,33227,5.8,Yes,1,Bengaluru,Missing,1726727
EV-20391,2025-08-10,2019,Atheron,Crossover,29.9,96,212,21201,7.1,Yes,2,Pune,Missing,1323622
EV-20220,2025-08-11,2025,Nexora,Hatchback,81.4,96,403,66847,9.4,Yes,2,Pune,Partial,1777240
EV-20040,2025-08-12,2019,Voltix,Sedan,25.5,91.5,410,21722,3.5,No,1,Bengaluru,Partial,1434474
EV-20850,2025-08-13,2020,E-Motion,Hatchback,66.6,92.8,310,23642,6.8,Yes,1,Pune,Complete,1679783
EV-20734,2025-08-14,2022,GreenDrive,Sedan,66.4,85,451,49434,7.4,Yes,2,Hyderabad,Missing,1518423
EV-20831,2025-08-15,2022,E-Motion,Hatchback,46.2,90.1,231,10518,5.2,Yes,1,Chennai,Complete,1602836
EV-20198,2025-08-16,2021,Voltix,Hatchback,69.4,87.3,433,18423,7.9,Yes,1,Delhi,Complete,1647071
EV-20720,2025-08-17,2025,Nexora,Sedan,,93.3,413,45554,4.7,Yes,1,Pune,Complete,1781506
EV-20749,2025-08-18,2017,GreenDrive,SUV,74.1,90.1,373,37499,9.3,Yes,1,Delhi,,1524016
EV-20202,2025-08-19,2024,Nexora,SUV,,90.4,427,18361,4.2,No,1,Pune,Complete,1822516
EV-20419,2025-08-20,2021,E-Motion,Sedan,65.8,98.9,529,61785,8.9,Yes,2,Pune,Partial,1798488
EV-20228,2025-08-21,2019,GreenDrive,Crossover,51.2,84.5,461,91143,6.9,Yes,1,Delhi,Complete,1464345
EV-20639,2025-08-22,2019,Nexora,Sedan,83.9,95,293,20769,6.6,No,1,Hyderabad,Complete,1743755
EV-20780,2025-08-23,2017,Nexora,Sedan,59.4,75.8,154,149374,6.1,No,3,Pune,Missing,915109
EV-20379,2025-08-24,2017,GreenDrive,Crossover,56.5,99.5,351,24400,8.4,Yes,1,Mumbai,Complete,1738425
EV-20342,2025-08-25,2017,Nexora,Crossover,62.5,89.4,398,13577,4.1,No,3,Bengaluru,Complete,1645310
EV-20910,2025-08-26,2020,Nexora,Crossover,49,96.7,442,27552,4,No,1,Pune,,1800390
EV-20939,2025-08-27,2024,GreenDrive,Sedan,39.3,98.7,336,39308,7,Yes,4,Chennai,Complete,1363604
EV-20877,2025-08-28,2021,Voltix,Sedan,61.1,86.3,386,39319,6,Yes,1,Mumbai,Complete,1578242
EV-20123,2025-08-29,2023,E-Motion,Crossover,44.1,100,448,39332,6.5,Yes,3,Chennai,Complete,1677668
EV-20081,2025-08-30,2019,Voltix,Hatchback,76.1,98.8,460,23514,7,Yes,2,Delhi,Partial,1827252
EV-20807,2025-08-31,2023,Atheron,Crossover,66,86.4,374,12495,6.1,Yes,1,Delhi,Complete,1859545
EV-20339,2025-09-01,2024,E-Motion,SUV,89,100,447,21096,3.3,Yes,1,Chennai,Partial,1942816
EV-20242,2025-09-02,2016,E-Motion,Crossover,65.8,96.2,236,56372,6.5,No,2,Hyderabad,Complete,1544726
EV-20645,2025-09-03,2017,Atheron,Sedan,61.9,88.1,393,50925,7,Yes,2,Hyderabad,Complete,1499174
EV-20843,2025-09-04,2016,Atheron,Crossover,83,82.5,353,17937,4,No,2,Delhi,Complete,1590284
EV-20347,2025-09-05,2020,Voltix,Sedan,46.6,83.1,413,43085,6.5,No,1,Pune,Complete,1489961
EV-20643,2025-09-06,2023,Voltix,SUV,53.8,89.7,312,65896,6.7,Yes,3,Pune,Complete,1571842
EV-20679,2025-09-07,2018,Nexora,Sedan,66.3,83.4,230,44058,3,No,2,Pune,Complete,1424551
EV-20270,2025-09-08,2021,GreenDrive,Hatchback,39.3,82,371,39113,3.6,Yes,2,Delhi,Partial,1375218
EV-20778,2025-09-09,2018,E-Motion,Crossover,72.5,90.9,285,116021,7.3,No,1,Chennai,Complete,1448589
EV-20370,2025-09-10,2025,E-Motion,Crossover,67.8,87.4,334,94117,9.4,Yes,2,Bengaluru,Complete,1589622
EV-20464,2025-09-11,2023,Voltix,SUV,50.3,87.2,399,72371,5.2,Yes,1,Chennai,Complete,1712699
EV-20048,2025-09-12,2022,E-Motion,Sedan,45.9,88.2,,46298,6.4,No,1,Pune,Complete,1650810
EV-20583,2025-09-13,2021,E-Motion,Hatchback,56.2,91.4,412,27568,7.2,No,2,Mumbai,Partial,1535603
EV-20803,2025-09-14,2017,GreenDrive,Crossover,47.8,92.4,397,121088,4.9,No,2,Pune,,1246861
EV-20908,2025-09-15,2017,E-Motion,Sedan,57.9,89.3,387,31784,6.8,Yes,4,Pune,Complete,1557225
EV-20121,2025-09-16,2020,E-Motion,Hatchback,66.6,93.6,430,16906,9.4,Yes,2,Mumbai,Complete,1635392
EV-20924,2025-09-17,2022,Voltix,Hatchback,66.6,95.6,276,51699,5.7,No,3,Hyderabad,Partial,1548035
EV-20468,2025-09-18,2017,GreenDrive,Hatchback,67.9,89.7,470,43671,6.4,Yes,1,Chennai,Complete,1678843
EV-20160,2025-09-19,2025,GreenDrive,Sedan,52.3,91.7,303,59405,2.7,Yes,1,Chennai,Partial,1615621
EV-20815,2025-09-20,2024,Nexora,Crossover,56.9,92.1,436,41051,8.2,Yes,3,Hyderabad,Complete,1713871
EV-20535,2025-09-21,2022,Voltix,Sedan,54.6,89.8,360,54354,4.3,No,3,Delhi,Complete,1598877
EV-20657,2025-09-22,2022,Voltix,Crossover,47.8,95.3,359,43076,3.8,No,3,Delhi,Partial,1561915
EV-20439,2025-09-23,2022,E-Motion,Hatchback,38.9,92.8,397,107760,5.8,Yes,1,Delhi,Partial,1409107
EV-20612,2025-09-24,2018,Nexora,Hatchback,47.4,89.3,522,53638,9.1,Yes,1,Hyderabad,Complete,1597862
EV-20551,2025-09-25,2023,Voltix,Sedan,61.5,89.5,366,27193,2.3,No,1,Pune,Complete,1795031
EV-20229,2025-09-26,2019,GreenDrive,Crossover,44.8,94.3,411,42323,6.9,No,1,Pune,Complete,1549464
EV-20597,2025-09-27,2016,Nexora,SUV,59.2,88.1,208,33340,6.9,Yes,1,Mumbai,Complete,1521875
EV-20337,2025-09-28,2023,Voltix,Sedan,76.4,91.5,245,24524,2.3,Yes,1,Delhi,Complete,1766877
EV-20539,2025-09-29,2025,Voltix,Hatchback,42.9,94.3,324,14152,4.9,No,1,Bengaluru,Complete,1723377
EV-20147,2025-09-30,2024,Nexora,SUV,54.9,78.4,313,101904.7097,6.8,Yes,1,Chennai,Complete,1557841
EV-20030,2025-10-01,2025,GreenDrive,SUV,62.4,97,448,33033,4.3,No,1,Delhi,Complete,1876702
EV-20333,2025-10-02,2021,Nexora,SUV,51.4,97.6,387,19852,7.2,Yes,2,Bengaluru,Partial,1754559
EV-20954,2025-10-03,2016,Atheron,Sedan,43.7,84.5,312,52332,7.9,Yes,1,Delhi,Complete,1315071
EV-20451,2025-10-04,2019,E-Motion,Hatchback,58.7,95.7,418,40645,7.1,No,1,Delhi,Partial,1688157
EV-20187,2025-10-05,2018,E-Motion,SUV,43.6,95,422,24296,8.2,Yes,2,Pune,Partial,1599289
EV-20272,2025-10-06,2022,E-Motion,Sedan,41.5,94.7,324,68338,7.4,Yes,1,Delhi,Complete,1490097
EV-20897,2025-10-07,2019,Atheron,SUV,85.3,90.3,340,18530,6.5,No,1,Pune,Complete,1782051
EV-20544,2025-10-08,2024,E-Motion,Sedan,38,93.9,511,67782,3.1,Yes,2,Chennai,Complete,1604620
EV-20450,2025-10-09,2022,E-Motion,Sedan,59,86.7,457,13290,7.3,No,3,Pune,Partial,1599991
EV-20050,2025-10-10,2016,Voltix,Hatchback,48.2,96.6,333,106494,7.5,Yes,2,Mumbai,Missing,1332038
EV-20025,2025-10-11,2018,Voltix,SUV,58.2,89.1,292,123883,6.3,Yes,1,Pune,Partial,1366653
EV-20695,2025-10-12,2016,Atheron,Hatchback,64.3,88.3,350,84733,4.7,Yes,2,Chennai,Complete,1342958
EV-20885,2025-10-13,2024,GreenDrive,SUV,62.9,94.2,436,69033,5.3,Yes,1,Pune,Partial,1752860
EV-20136,2025-10-14,2025,GreenDrive,Hatchback,34.3,87.5,343,22342,7,Yes,1,Mumbai,Partial,1482108
EV-20162,2025-10-15,2019,GreenDrive,SUV,61.9,98.5,409,32028,9.5,Yes,1,Delhi,Partial,1700988
EV-20566,2025-10-16,2023,GreenDrive,Hatchback,75.6,90.7,460,20461,7.9,Yes,1,Hyderabad,Partial,1822703
EV-20517,2025-10-17,2025,Voltix,Crossover,64.5,92.6,552,118854,8.1,Yes,1,Pune,Partial,1737292
EV-20314,2025-10-18,2016,E-Motion,Sedan,61.9,95.1,410,85335,6.7,Yes,2,Bengaluru,Complete,1549507
EV-20440,2025-10-19,2018,GreenDrive,Hatchback,57.5,85.9,308,58192,7.7,No,1,Chennai,Complete,1249191
EV-20839,2025-10-20,2016,Nexora,Sedan,65.5,92.3,402,20730,5.5,No,1,Delhi,Complete,1635141
EV-20640,2025-10-21,2025,Atheron,Hatchback,47,93.2,353,63468,5.2,No,1,Pune,Complete,1587680
EV-20364,2025-10-22,2023,E-Motion,Sedan,47,89.4,264,56504,4,Yes,2,Hyderabad,Partial,1431185
EV-20545,2025-10-23,2019,Nexora,Hatchback,79.7,81.6,376,47150,8.8,No,1,Mumbai,Complete,1487708
EV-20255,2025-10-24,2022,Voltix,SUV,46.3,90.1,400,103387,8.6,No,1,Hyderabad,Complete,1517690
EV-20745,2025-10-25,2023,Nexora,Hatchback,58.7,91.5,469,47439,5,No,1,Chennai,Partial,1739698
EV-20171,2025-10-26,2022,Nexora,Crossover,48.2,97.1,444,15879,5.8,No,1,Pune,Complete,1754366
EV-20587,2025-10-27,2024,Voltix,Sedan,49.1,87.2,401,85208,6.4,Yes,1,Mumbai,Complete,1570074
EV-20297,2025-10-28,2016,GreenDrive,Hatchback,63.4,86.5,304,44065,4.5,Yes,2,Hyderabad,Complete,1528590
EV-20741,2025-10-29,2022,E-Motion,Crossover,72.6,,222,77649,6.8,No,2,Pune,Partial,1388467
EV-20390,2025-10-30,2018,E-Motion,Hatchback,46.3,97.3,366,19814,7.1,No,2,Bengaluru,Complete,1447092
EV-20476,2025-10-31,2022,E-Motion,Sedan,56,94,384,20798,4.4,Yes,1,Bengaluru,Partial,1728359
EV-20230,2025-11-01,2017,GreenDrive,Crossover,36.6,87.5,406,30322,4.5,Yes,1,Chennai,Complete,1530111
EV-20377,2025-11-02,2023,E-Motion,SUV,59.2,89.2,447,24795,6.9,Yes,1,Pune,Complete,1913585
EV-20133,2025-11-03,2022,E-Motion,Sedan,33,92.6,402,78607,3.6,Yes,2,Hyderabad,,1432675
EV-20681,2025-11-04,2023,E-Motion,Crossover,66.9,100,250,54108,2,Yes,1,Chennai,Partial,1702280
EV-20478,2025-11-05,2025,GreenDrive,Crossover,54.6,92.5,396,29913,4.7,No,2,Pune,Partial,1710326
EV-20835,2025-11-06,2021,GreenDrive,Sedan,44.3,90.6,390,35428,10,Yes,3,Mumbai,Missing,1492825
EV-20358,2025-11-07,2021,Atheron,Hatchback,48.9,96.6,417,94652,7.9,Yes,1,Hyderabad,Complete,1503175
EV-20813,2025-11-08,2021,Atheron,Hatchback,52.5,86.7,358,33564,4.1,Yes,1,Delhi,Partial,1514520
EV-20511,2025-11-09,2024,GreenDrive,Crossover,57.5,99.8,405,22841,5.6,Yes,1,Mumbai,,1742108
EV-20003,2025-11-10,2017,Atheron,Hatchback,62.6,97.2,290,77298,4.5,Yes,1,Bengaluru,Complete,1479957
EV-20268,2025-11-11,2023,Atheron,Hatchback,45.1,92.4,418,16957,,No,1,Mumbai,,1542651
EV-20635,2025-11-12,2017,Nexora,Hatchback,82.2,94.3,331,38760,8.2,Yes,2,Mumbai,Partial,1615572
EV-20523,2025-11-13,2018,Atheron,Hatchback,51,90,429,7881,6.4,Yes,1,Delhi,Complete,1613259
EV-20179,2025-11-14,2016,E-Motion,SUV,47,86.9,395,19265,7.3,Yes,1,Pune,Complete,1590466
EV-20491,2025-11-15,2018,GreenDrive,Hatchback,37.6,94.1,313,41435,6.8,Yes,1,Bengaluru,Complete,1326376
EV-20656,2025-11-16,2024,GreenDrive,Sedan,35,94.5,304,18672,7.3,Yes,1,Chennai,Partial,1489790
EV-20892,2025-11-17,2024,Voltix,Hatchback,41.9,91.4,337,32161,3.8,No,1,Bengaluru,Complete,1568321
EV-20425,2025-11-18,2025,Voltix,Hatchback,74.1,86.5,319,44125,8.3,Yes,1,Mumbai,Partial,1677987
EV-20893,2025-11-19,2019,GreenDrive,Sedan,67.8,93,256,53251,2.7,Yes,1,Pune,Missing,1539774
EV-20166,2025-11-20,2025,E-Motion,SUV,74.9,85.3,439,22779,8.6,Yes,1,Chennai,Partial,1949518
EV-20259,2025-11-21,2017,Atheron,Crossover,51.3,94.4,362,25055,5.7,No,2,Pune,Complete,1567272
EV-20043,2025-11-22,2018,Nexora,Sedan,41.4,85.3,378,22273,6.3,No,2,Pune,Partial,1405715
EV-20883,2025-11-23,2020,Atheron,Sedan,67.7,88.8,321,58313,3.2,Yes,1,Bengaluru,Complete,1523711
EV-20871,2025-11-24,2020,Atheron,Sedan,42.4,95.4,434,16541,2.6,Yes,1,Pune,Complete,1712128
EV-20520,2025-11-25,2021,Nexora,SUV,57.3,92.1,366,33688,7.5,Yes,1,Chennai,Complete,1616070
EV-20596,2025-11-26,2022,Nexora,SUV,,100,400,53239,4.2,Yes,1,Delhi,Complete,2014685
EV-20134,2025-11-27,2024,GreenDrive,Sedan,79,91.2,386,69292,6.9,No,2,Pune,Partial,1553491
EV-20528,2025-11-28,2018,Nexora,SUV,64.1,93.5,150,47082,5.6,Yes,2,Pune,Complete,1607942
EV-20559,2025-11-29,2025,Nexora,SUV,54.6,92.2,340,28573,9.4,Yes,1,Pune,Partial,1740042
EV-20243,2025-11-30,2020,Voltix,Sedan,57.2,88.8,331,28972,7.2,Yes,1,Mumbai,Partial,1495658
EV-20727,2025-12-01,2024,GreenDrive,Crossover,47.7,94.1,537,46979,3.6,Yes,3,Bengaluru,Complete,1765252
EV-20260,2025-12-02,2022,Atheron,SUV,56.4,100,326,127364,8.7,Yes,3,Delhi,Missing,1417229
EV-20810,2025-12-03,2019,Atheron,Sedan,61.5,86.6,307,25437,6.5,Yes,3,Bengaluru,Complete,1525852
EV-20398,2025-12-04,2017,E-Motion,Hatchback,69,89,386,136174,4.5,Yes,2,Delhi,Partial,1323521
EV-20155,2025-12-05,2025,Nexora,Sedan,64.7,87.6,326,28518,8.2,No,1,Hyderabad,Partial,1631665
EV-20153,2025-12-06,2018,Nexora,SUV,77.90746881,89.1,309,31395,3.9,Yes,1,Chennai,Complete,1577500
EV-20868,2025-12-07,2018,Atheron,Sedan,52.2,91.9,337,103626,3.7,Yes,2,Bengaluru,Partial,1369790
EV-20353,2025-12-08,2017,E-Motion,Sedan,32.5,90.5,382,41166,8.7,Yes,2,Mumbai,Complete,1443227
EV-20886,2025-12-09,2017,Atheron,Crossover,45.1,98.8,314,28215,7.2,No,1,Mumbai,Missing,1641372
EV-20853,2025-12-10,2019,Atheron,Sedan,51.5,77,481,16117,7.4,Yes,1,Mumbai,Complete,1510736
EV-20315,2025-12-11,2024,E-Motion,Crossover,,92.5,348,34532,3.8,No,1,Bengaluru,Partial,1694795
EV-20186,2025-12-12,2025,Nexora,SUV,25.7,97.3,328,38425,8.1,Yes,3,Delhi,Complete,1671086
EV-20469,2025-12-13,2021,Voltix,Sedan,43.5,94.6,315,83472,5,Yes,3,Mumbai,Partial,1452940
EV-20180,2025-12-14,2024,E-Motion,Sedan,69.3,85.8,514,17167,4.1,Yes,3,Mumbai,Partial,1881801
EV-20079,2025-12-15,2025,Atheron,Crossover,80.7,86.1,299,110295,8,No,1,Pune,Complete,1552541
EV-20490,2025-12-16,2019,Atheron,Hatchback,36.4,89.1,471,15925,6,Yes,1,Delhi,Partial,1482799
EV-20537,2025-12-17,2023,GreenDrive,SUV,77.1,94.5,426,49448,6.3,Yes,1,Delhi,Partial,1896066
EV-20249,2025-12-18,2017,Nexora,Hatchback,,97.3,253,21057,6.4,No,2,Delhi,Complete,1601625
EV-20407,2025-12-19,2020,E-Motion,SUV,37.3,94.3,418,22085,4,Yes,2,Bengaluru,Complete,1666125
EV-20145,2025-12-20,2019,GreenDrive,Sedan,66.6,88.3,407,109367,4.3,Yes,1,Delhi,Complete,1554954
EV-20383,2025-12-21,2022,Voltix,SUV,87.6,91,322,58330,8,Yes,2,Bengaluru,Complete,1699099
EV-20985,2025-12-22,2021,Voltix,SUV,37.7,85.9,469,22169,5.8,Yes,1,Chennai,Complete,1755479
EV-20104,2025-12-23,2025,Nexora,SUV,52.1,,533,76094,5.2,No,3,Mumbai,Complete,1663154
EV-20652,2025-12-24,2016,Nexora,Crossover,58.1,88.5,349,24036,6.9,Yes,3,Pune,Complete,1564448
EV-20904,2025-12-25,2016,Atheron,Crossover,55.3,92.5,370,31221,7.1,No,2,Hyderabad,Complete,1368070
EV-20489,2025-12-26,2020,Atheron,SUV,67.7,92.4,429,46373,7.4,Yes,2,Bengaluru,Complete,1750322
EV-20068,2025-12-27,2021,E-Motion,Crossover,69,90.3,378,10579,7.2,No,3,Hyderabad,Partial,1518841
EV-20054,2025-12-28,2022,GreenDrive,Hatchback,38.4,85.5,476,30512,5,Yes,1,Chennai,,1652755
EV-20854,2025-12-29,2024,Voltix,SUV,51.9,91.2,273,6845,,Yes,1,Bengaluru,Complete,1866808
EV-20306,2025-12-30,2020,Atheron,SUV,74.9,93.9,384,65791,8.2,Yes,1,Pune,Complete,1688245
EV-20691,2025-12-31,2024,Voltix,Hatchback,50.3,89.2,262,11105,3.4,Yes,3,Bengaluru,Missing,1485297
EV-20516,2026-01-01,2017,Voltix,Crossover,77.6,92.2,347,35888,2.2,Yes,1,Chennai,Complete,1871444
EV-20351,2026-01-02,2019,GreenDrive,Crossover,62.7,85,363,34693,7.1,Yes,1,Bengaluru,Complete,1601336
EV-20796,2026-01-03,2023,Nexora,Crossover,71.9,92,281,76410,7,Yes,2,Mumbai,Complete,1628542
EV-20291,2026-01-04,2022,GreenDrive,Crossover,33.2,91,344,86706,7.1,Yes,1,Pune,Complete,1434713
EV-20841,2026-01-05,2025,GreenDrive,Crossover,48.1,95,347,33124,5.9,Yes,1,Hyderabad,Complete,1803357
EV-20923,2026-01-06,2024,GreenDrive,Crossover,57.6,93.3,309,102277,5.5,No,2,Delhi,Missing,1522030
EV-20408,2026-01-07,2019,Atheron,Crossover,57.6,89.2,401,67687,5.3,Yes,3,Bengaluru,Complete,1516086
EV-20001,2026-01-08,2018,E-Motion,SUV,52.4,100,473,27643,,Yes,2,Delhi,Partial,1830937
EV-20486,2026-01-09,2018,Voltix,SUV,67.4,91.2,355,39445,7.9,Yes,3,Pune,Complete,1503519
EV-20484,2026-01-10,2020,Nexora,Crossover,47.8,90,407,35987,2.8,Yes,1,Hyderabad,Complete,1739151
EV-20115,2026-01-11,2019,Voltix,Sedan,45.3,,420,18042,5.2,Yes,2,Pune,Partial,1646627
EV-20295,2026-01-12,2017,Nexora,Crossover,25,94.1,415,67414,5.9,Yes,1,Delhi,Partial,1514556
EV-20241,2026-01-13,2017,Voltix,Hatchback,66.7,91.2,368,109805,6.3,Yes,2,Mumbai,Complete,1420111
EV-20245,2026-01-14,2020,GreenDrive,Crossover,48.7,95.7,420,39641,7.9,Yes,4,Pune,Complete,1556729
EV-20154,2026-01-15,2018,Atheron,SUV,43.9,98.6,438,30038,4.4,Yes,3,Hyderabad,Complete,1693183
EV-20532,2026-01-16,2025,Voltix,SUV,52.7,87.3,472,78222,8,Yes,2,Pune,Missing,1548203
EV-20834,2026-01-17,2018,Voltix,Crossover,68.7,84.5,507,21530,4.6,Yes,1,Hyderabad,Complete,1850335
EV-20890,2026-01-18,2024,Atheron,Hatchback,51.2,89,285,105380,6.5,Yes,1,Hyderabad,Complete,1312465
EV-20993,2026-01-19,2024,GreenDrive,Sedan,46.7,92.1,269,14545,6.5,Yes,3,Chennai,Complete,1518944
EV-20814,2026-01-20,2020,Nexora,Hatchback,62.6,91.6,314,123774,6.5,No,2,Bengaluru,Missing,1223202
EV-20825,2026-01-21,2016,GreenDrive,Hatchback,65.7,87.7,288,33322,4.7,Yes,2,Pune,Partial,1438543
EV-20058,2026-01-22,2023,Atheron,Hatchback,39.4,94.1,298,34344,7.8,Yes,1,Delhi,Complete,1490902
EV-20071,2026-01-23,2024,Voltix,SUV,82.8,91.4,287,30284,4.6,No,1,Mumbai,Partial,1780811
EV-20572,2026-01-24,2021,Atheron,Sedan,57.1,90.3,354,80244.98504,7.2,No,2,Mumbai,Partial,1516777
EV-20300,2026-01-25,2021,Nexora,Hatchback,48.7,83.3,358,26090,4,No,1,Hyderabad,Complete,1439698
EV-20404,2026-01-26,2016,Atheron,SUV,74.4,96.4,422,23020,7,Yes,1,Delhi,Missing,1855776
EV-20928,2026-01-27,2016,Atheron,Hatchback,67.4,87.7,352,19228,5.1,Yes,1,Bengaluru,Complete,1507044
EV-20110,2026-01-28,2020,Atheron,Crossover,57,86.3,288,10404,6.8,Yes,1,Bengaluru,Missing,1514054
EV-20471,2026-01-29,2024,Voltix,Crossover,63.7,93.2,415,47016,6.7,No,2,Delhi,Partial,1750261
EV-20600,2026-01-30,2018,Atheron,Hatchback,49.9,92.4,318,119889,,Yes,3,Pune,Partial,1173496
EV-20690,2026-01-31,2019,Nexora,Sedan,33.5,94.9,438,62232,7.6,No,2,Delhi,Complete,1627428
EV-20201,2026-02-01,2018,Atheron,Sedan,69.3,94.6,359,31651,8.4,No,3,Chennai,Complete,1547066
EV-20307,2026-02-02,2023,GreenDrive,Crossover,91.7,87.4,461,24901,3.6,No,3,Hyderabad,Partial,1854584
EV-20701,2026-02-03,2019,GreenDrive,Hatchback,58.2,88,322,14726,6.3,Yes,1,Hyderabad,Complete,1468515
EV-20304,2026-02-04,2019,GreenDrive,SUV,67.8,100,563,63917,7.1,Yes,2,Chennai,Partial,1749703
EV-20101,2026-02-05,2024,GreenDrive,Hatchback,77.6,93.3,447,52271,5.9,No,1,Mumbai,Complete,1898148
EV-20015,2026-02-06,2020,Nexora,Sedan,59,,393,29809,5.7,Yes,2,Chennai,Complete,1548031
EV-20424,2026-02-07,2019,Voltix,Hatchback,41.7,90.8,453,75903,6,Yes,2,Chennai,Partial,1485749
EV-20061,2026-02-08,2020,GreenDrive,SUV,70.4,96.4,286,77695,6,No,1,Delhi,Partial,1591919
EV-20651,2026-02-09,2024,Voltix,SUV,52.1,90.8,389,108156,7.2,Yes,2,Mumbai,Complete,1592951
EV-20210,2026-02-10,2023,Voltix,Hatchback,62,81.9,367,20056,6.6,Yes,2,Hyderabad,Partial,1544528
EV-20965,2026-02-11,2022,GreenDrive,Hatchback,60.8,93,394,42906,6.6,Yes,2,Bengaluru,Complete,1611793
EV-20953,2026-02-12,2020,E-Motion,Crossover,49.8,89.1,311,11613,5.1,Yes,2,Mumbai,Complete,1575666
EV-20311,2026-02-13,2019,Voltix,SUV,56.5,93.8,435,59606,,Yes,2,Delhi,Complete,1600795
EV-20338,2026-02-14,2024,Nexora,SUV,59.2,94.9,362,41878,7.8,Yes,1,Hyderabad,Complete,1838727
EV-20601,2026-02-15,2025,GreenDrive,Crossover,62.4,87.1,396,60659,5.6,Yes,1,Hyderabad,Partial,1592273
EV-20107,2026-02-16,2019,E-Motion,SUV,51.8,88.2,357,104777,6.1,Yes,2,Hyderabad,Complete,1438290
EV-20620,2026-02-17,2024,Nexora,SUV,73.6,91.4,394,43052,8,Yes,3,Mumbai,Complete,1827056
EV-20146,2026-02-18,2017,Atheron,Crossover,47.9,91.7,321,92982,6.9,Yes,1,Pune,Partial,1323871
EV-20041,2026-02-19,2021,Nexora,SUV,49.8,98.6,368,19435,6.6,No,1,Bengaluru,Partial,1694818
EV-20692,2026-02-20,2016,E-Motion,Sedan,47.5,90.5,294,59556,6.8,Yes,1,Hyderabad,Complete,1378492
EV-20206,2026-02-21,2019,Atheron,Sedan,50.3,93.8,314,29203,3.3,No,1,Bengaluru,Partial,1537310
EV-20492,2026-02-22,2020,Nexora,Crossover,57.2,98.6,432,35839,3.8,Yes,1,Chennai,Complete,1953874
EV-20321,2026-02-23,2018,E-Motion,SUV,37.9,87.4,315,20305,4.3,Yes,2,Delhi,,1533160
EV-20642,2026-02-24,2023,Atheron,Crossover,65.3,99.6,385,52824,7.8,Yes,1,Chennai,Partial,1729101
EV-20901,2026-02-25,2018,E-Motion,Crossover,66.3,91.8,266,74527,3.4,No,1,Hyderabad,Complete,1543391
EV-20957,2026-02-26,2024,Voltix,Crossover,65,95.2,381,49808,5,Yes,4,Mumbai,Partial,1765416
EV-20919,2026-02-27,2022,Atheron,Hatchback,65.4,94.9,354,21563,6.3,Yes,3,Pune,Complete,1704403
EV-20366,2026-02-28,2018,GreenDrive,Sedan,83.3,86.5,351,25232,4.8,Yes,2,Mumbai,Complete,1727453
EV-20895,2026-03-01,2020,E-Motion,Crossover,61.6,82.3,430,28229,5.8,No,2,Mumbai,Complete,1655726
EV-20664,2026-03-02,2021,Nexora,Sedan,62.5,91.9,492,24718,6.5,Yes,1,Chennai,Missing,1786641
EV-20800,2026-03-03,2018,Voltix,Hatchback,,87.4,336,33074,7.4,Yes,2,Pune,Complete,1441937
EV-20752,2026-03-04,2019,E-Motion,Sedan,57.4,91.3,275,58040,6.8,No,2,Hyderabad,Complete,1306548
EV-20264,2026-03-05,2019,Voltix,SUV,41.6,93.4,328,20804,8.8,Yes,4,Chennai,Complete,1527681
EV-20105,2026-03-06,2017,Voltix,Crossover,58.2,100,294,46125,5.6,Yes,1,Hyderabad,Complete,1570411
EV-20869,2026-03-07,2024,E-Motion,SUV,88.6,86.4,312,74937,9.1,Yes,1,Chennai,Partial,1652095
EV-20065,2026-03-08,2017,Atheron,Hatchback,58.1,92.8,469,12049,4,Yes,3,Pune,Complete,1706521
EV-20792,2026-03-09,2023,GreenDrive,Sedan,72.7,90,462,15975,7.4,No,1,Chennai,Complete,1723902
EV-20941,2026-03-10,2024,GreenDrive,Hatchback,45.4,93.2,348,81284,6.4,Yes,2,Delhi,Partial,1463973
EV-20704,2026-03-11,2023,GreenDrive,Crossover,77,88.4,357,92184,5.5,Yes,3,Mumbai,Complete,1604270
EV-20269,2026-03-12,2023,Atheron,Sedan,49.4,87.6,428,63142,6.9,Yes,1,Hyderabad,Missing,1611866
EV-20900,2026-03-13,2022,E-Motion,Hatchback,62.4,87.5,282,123840,3.8,Yes,2,Pune,Missing,1274021
EV-20611,2026-03-14,2024,Voltix,Sedan,51.4,,319,180000,6,Yes,1,Chennai,Complete,1380599
EV-20389,2026-03-15,2016,Atheron,Sedan,59.6,87.8,228,47274,9.9,No,1,Delhi,Partial,1373451
EV-20233,2026-03-16,2021,Nexora,SUV,42,94.1,400,25605,3.8,Yes,2,Mumbai,Complete,1738687
EV-20199,2026-03-17,2025,E-Motion,Hatchback,60.1,89,408,41689,4.7,No,1,Mumbai,Complete,1776159
EV-20707,2026-03-18,2023,Atheron,Crossover,52,89.1,317,22012,3.1,No,1,Chennai,Complete,1685416
EV-20593,2026-03-19,2018,E-Motion,Sedan,46.2,89.4,377,19759,3.1,Yes,1,Pune,Missing,1467479
EV-20097,2026-03-20,2019,Nexora,Hatchback,73.8,92.3,295,39427,5.9,No,1,Delhi,,1628907
EV-20019,2026-03-21,2017,Voltix,Crossover,47,88.9,432,25304,8.4,Yes,2,Chennai,Partial,1559859
EV-20682,2026-03-22,2021,Atheron,Crossover,59.8,90.1,565,18215,3.9,Yes,1,Mumbai,Complete,1993320
EV-20648,2026-03-23,2023,Voltix,Hatchback,68.9,100,198,57869,5.5,Yes,2,Mumbai,Partial,1610910
EV-20931,2026-03-24,2025,E-Motion,Hatchback,61.8,93.4,421,23163,6,Yes,2,Mumbai,Partial,1789137
EV-20589,2026-03-25,2018,Atheron,Crossover,44,87.1,434,108019,8.3,Yes,4,Mumbai,Complete,1216945
EV-20921,2026-03-26,2016,Atheron,SUV,71.5,87.8,282,29441,3.5,No,1,Pune,Complete,1638989
EV-20029,2026-03-27,2023,Voltix,Hatchback,43.1,89.7,510,28659,5.7,Yes,1,Chennai,Partial,1658517
EV-20240,2026-03-28,2024,GreenDrive,SUV,66.3,81.1,368,52854,3.9,Yes,1,Mumbai,Partial,1655033
EV-20217,2026-03-29,2021,Voltix,SUV,58.5,88.4,400,39555,3.4,Yes,2,Hyderabad,Complete,1803721
EV-20158,2026-03-30,2022,E-Motion,SUV,54.4,88.4,456,62810,7.1,Yes,1,Chennai,Partial,1697894
EV-20156,2026-03-31,2019,GreenDrive,Sedan,87.9,89.7,409,92823,4.1,No,4,Hyderabad,Complete,1476186
EV-20705,2026-04-01,2019,Voltix,Crossover,41.8,,470,51991,6.5,Yes,1,Mumbai,Partial,1656509
EV-20819,2026-04-02,2024,Voltix,Crossover,62.5,87.5,267,63339,7.3,No,3,Delhi,Complete,1495381
EV-20109,2026-04-03,2019,E-Motion,Hatchback,25,81.3,257,47449,6.5,Yes,1,Mumbai,Complete,1285824
EV-20703,2026-04-04,2022,GreenDrive,Crossover,51.2,89,213,75991,5.6,Yes,2,Pune,Partial,1470876
EV-20453,2026-04-05,2017,GreenDrive,Hatchback,59.7,90.3,354,51607,6.2,Yes,1,Bengaluru,Missing,1343766
EV-20371,2026-04-06,2021,E-Motion,Crossover,77.6,90.4,324,104550,7.8,No,2,Chennai,Complete,1444096
EV-20616,2026-04-07,2016,GreenDrive,Crossover,70.1,88.4,231,81367,4.5,Yes,1,Pune,Complete,1456808
EV-20536,2026-04-08,2021,GreenDrive,SUV,59.9,87.6,453,18998,4.4,Yes,1,Bengaluru,Complete,1821126
EV-20872,2026-04-09,2020,GreenDrive,Sedan,61.9,100,271,39936,9.3,No,1,Pune,Complete,1565057
EV-20436,2026-04-10,2019,Nexora,Sedan,62.8,93.2,376,38720,4,Yes,2,Bengaluru,Complete,1625973
EV-20432,2026-04-11,2023,GreenDrive,SUV,54.5,91.6,432,27780,8.2,No,3,Mumbai,Complete,1722376
EV-20151,2026-04-12,2018,GreenDrive,Sedan,58.8,91.6,563,15658,3.3,Yes,2,Delhi,Complete,1754669
EV-20540,2026-04-13,2017,Atheron,Sedan,49.6,86.1,401,28562,6.5,Yes,2,Bengaluru,Complete,1583275
EV-20099,2026-04-14,2016,Nexora,Crossover,41.2,87,303,34086,7.6,Yes,1,Pune,Partial,1356340
EV-20660,2026-04-15,2021,E-Motion,Hatchback,66.3,100,430,72890,7.3,No,1,Bengaluru,Complete,1620153
EV-20556,2026-04-16,2020,Nexora,Crossover,67.3,84.4,352,45414,6.8,Yes,1,Hyderabad,Complete,1627382
EV-20947,2026-04-17,2017,Voltix,SUV,48.7,88.7,311,55987,5.3,Yes,2,Hyderabad,Complete,1420441
EV-20617,2026-04-18,2023,Voltix,Sedan,56.5,88.8,366,54811,7.1,Yes,1,Pune,Complete,1633804
EV-20852,2026-04-19,2021,Voltix,Crossover,65.9,78.6,502,53072,5.3,Yes,3,Mumbai,Complete,1760126
EV-20676,2026-04-20,2018,Voltix,SUV,32.1,95.5,283,42295,5.1,Yes,2,Pune,,1514005
EV-20289,2026-04-21,2019,E-Motion,Hatchback,60.9,94.4,190,115665,7.6,Yes,1,Delhi,Complete,1265022
EV-20687,2026-04-22,2021,Nexora,SUV,55.5,88.3,352,64176,6,Yes,1,Chennai,Complete,1589221
EV-20942,2026-04-23,2019,Voltix,Crossover,61.6,93.8,354,243880.8896,6.2,Yes,1,Hyderabad,Complete,1580186
EV-20108,2026-04-24,2017,Nexora,SUV,64.9,,356,70939,5,Yes,2,Chennai,Complete,1678116
EV-20296,2026-04-25,2016,Nexora,Sedan,62.1,81.4,411,19987,8.3,Yes,1,Bengaluru,Partial,1517182
EV-20021,2026-04-26,2019,Atheron,Sedan,73.7,91.2,396,58892,6.5,Yes,1,Chennai,Missing,1629090
EV-20846,2026-04-27,2022,Voltix,Sedan,88.4,,292,67340,4.1,No,2,Chennai,Complete,1642030
EV-20460,2026-04-28,2020,GreenDrive,Sedan,78.4,88,359,37257,6.1,No,3,Mumbai,Complete,1540217
EV-20888,2026-04-29,2023,GreenDrive,Crossover,67.7,91.3,391,18390,6.5,Yes,1,Chennai,Complete,1816828
EV-20636,2026-04-30,2017,GreenDrive,Sedan,62.6,86.8,409,49479,4.7,Yes,1,Mumbai,Complete,1620244
EV-20332,2026-05-01,2016,Nexora,Crossover,52.8,93.7,411,53740,6.2,No,2,Mumbai,Complete,1531529
EV-20709,2026-05-02,2020,Voltix,Sedan,51.5,85.6,553,59169,8.2,Yes,1,Mumbai,Complete,1624342
EV-20770,2026-05-03,2016,Voltix,Crossover,50.6,84.8,532,34305,5.8,Yes,2,Mumbai,Complete,1636231
EV-20585,2026-05-04,2024,E-Motion,Hatchback,76.5,86.9,467,132481,5.4,Yes,1,Pune,Missing,1720395
EV-20918,2026-05-05,2018,Atheron,SUV,47.2,99,359,16084,3.6,Yes,1,Pune,Complete,1670307
EV-20629,2026-05-06,2020,Nexora,SUV,47,87,377,138463,8.1,Yes,1,Bengaluru,Complete,1376893
EV-20631,2026-05-07,2018,Nexora,Crossover,58.5,90.8,247,34596,6.5,No,1,Hyderabad,Missing,1346695
EV-20273,2026-05-08,2019,E-Motion,SUV,72,85.2,409,43314,7.1,Yes,1,Chennai,Partial,1654628
EV-20435,2026-05-09,2024,Voltix,SUV,48.9,96.2,323,46120,8,Yes,2,Delhi,Missing,1635121
EV-20599,2026-05-10,2018,Nexora,Crossover,48.4,89,384,21369,6.9,No,2,Chennai,Complete,1484070
EV-20057,2026-05-11,2021,GreenDrive,SUV,39.1,93.1,467,62205,6.7,No,1,Mumbai,Partial,1542290
EV-20650,2026-05-12,2019,E-Motion,Crossover,26.3,95.3,487,22545,2.7,Yes,2,Bengaluru,Complete,1654092
EV-20430,2026-05-13,2017,E-Motion,Crossover,56.9,,188,40856,9,Yes,3,Mumbai,Complete,1324861
EV-20685,2026-05-14,2021,Voltix,SUV,36.3,93.6,222,177346,5,No,1,Delhi,Missing,1228000
EV-20253,2026-05-15,2023,Atheron,Sedan,37.9,93.4,259,74582,6.4,Yes,3,Chennai,Complete,1337788
EV-20739,2026-05-16,2020,Nexora,Hatchback,63.4,93,394,31595,8.8,Yes,1,Mumbai,Complete,1744629
EV-20940,2026-05-17,2017,E-Motion,SUV,91.4,94.6,424,38925,3.9,No,1,Delhi,Partial,1860865
EV-20797,2026-05-18,2024,Voltix,Hatchback,65,100,294,57619,,No,1,Hyderabad,Complete,1720808
EV-20182,2026-05-19,2018,Voltix,Crossover,67.9,94.7,407,25312,7.2,Yes,1,Pune,Complete,1711982
EV-20721,2026-05-20,2021,GreenDrive,SUV,49.3,86.4,342,29105,6.9,No,1,Bengaluru,Complete,1384670
EV-20735,2026-05-21,2018,E-Motion,Crossover,54.7,97.1,442,75507,,Yes,1,Chennai,Complete,1640303
EV-20579,2026-05-22,2023,E-Motion,Crossover,56.4,99.2,359,45285,4.8,Yes,2,Delhi,Partial,1831036
EV-20413,2026-05-23,2023,Voltix,SUV,55.6,96.4,529,64952,6.4,Yes,2,Chennai,Partial,1842377
EV-20913,2026-05-24,2022,Voltix,Sedan,45.5,85.8,224,23007,6.4,Yes,1,Chennai,Complete,1508763
EV-20974,2026-05-25,2019,GreenDrive,SUV,69.4,85.1,340,45089,4.8,No,2,Mumbai,Complete,1642833
EV-20239,2026-05-26,2016,Atheron,SUV,64.4,97.2,414,9731,4.8,No,2,Hyderabad,Partial,1738157
EV-20470,2026-05-27,2021,Nexora,Hatchback,51.9,85,454,25266,8.4,Yes,1,Bengaluru,Partial,1683140
EV-20866,2026-05-28,2019,Voltix,Hatchback,69,99,371,36589,4.5,Yes,2,Bengaluru,Complete,1655559
EV-20495,2026-05-29,2022,Nexora,SUV,45.8,93.3,482,8878,6,Yes,1,Hyderabad,Partial,1792527
EV-20952,2026-05-30,2020,E-Motion,SUV,46.8,82.1,434,35832,4,No,1,Delhi,Partial,1599649
EV-20963,2026-05-31,2022,GreenDrive,SUV,38.2,100,,69006,6.5,No,1,Chennai,Complete,1571571
EV-20542,2026-06-01,2025,GreenDrive,Crossover,72.1,95.8,431,18765,4.7,Yes,3,Chennai,Complete,1852804
EV-20927,2026-06-02,2020,Nexora,SUV,34.7,100,423,50194,8.7,No,1,Hyderabad,Partial,1605692
EV-20878,2026-06-03,2020,GreenDrive,Hatchback,60,92.6,468,94004,6.3,Yes,2,Hyderabad,Complete,1506477
EV-20879,2026-06-04,2017,Nexora,SUV,61.7,94.4,340,36166,6.3,Yes,1,Bengaluru,Complete,1690292
EV-20176,2026-06-05,2020,Nexora,SUV,51.5,91.7,262,87765,6.9,No,1,Pune,Complete,1472157
EV-20864,2026-06-06,2019,GreenDrive,SUV,54.4,93.2,195,81095,4.2,Yes,2,Pune,Complete,1447596
EV-20668,2026-06-07,2023,Nexora,Crossover,40.9,88,397,37684,5.1,Yes,1,Hyderabad,Complete,1690158
EV-20461,2026-06-08,2020,Nexora,Sedan,54.1,93,445,33818,7,Yes,2,Bengaluru,Partial,1866585
EV-20326,2026-06-09,2023,E-Motion,Sedan,81.6,91.4,306,25814,4.7,Yes,1,Bengaluru,Partial,1828868
EV-20373,2026-06-10,2021,GreenDrive,SUV,59.8,89,363,74985,7.5,Yes,2,Pune,Complete,1495711
EV-20070,2026-06-11,2016,Voltix,Hatchback,72.8,88,214,33805,,No,2,Chennai,Complete,1337004
EV-20983,2026-06-12,2016,E-Motion,SUV,50.5,90.6,393,30859,5.4,Yes,2,Pune,Complete,1613856
EV-20426,2026-06-13,2023,Atheron,Sedan,,87,335,30422,6.1,No,1,Pune,Missing,1631687
EV-20340,2026-06-14,2017,GreenDrive,Sedan,52.6,100,360,77709,6.5,Yes,4,Mumbai,Complete,1554465
EV-20418,2026-06-15,2016,E-Motion,SUV,52.5,95.9,379,16329,5.6,Yes,2,Delhi,Partial,1579244
EV-20042,2026-06-16,2016,Nexora,SUV,63.9,94.5,402,88416,8.9,No,2,Hyderabad,Complete,1513748
EV-20284,2026-06-17,2017,GreenDrive,SUV,54.3,95.9,347,32886,4.2,No,2,Chennai,Complete,1512059
EV-20335,2026-06-18,2022,Atheron,SUV,48.1,96.9,316,27358,5.6,Yes,1,Mumbai,Complete,1702639
EV-20063,2026-06-19,2017,Voltix,SUV,71.5,95.9,557,150959.3051,10,No,4,Hyderabad,Complete,1620102
EV-20964,2026-06-20,2018,Voltix,Hatchback,37.6,92.7,239,22727,5.3,Yes,1,Delhi,Partial,1434694
EV-20784,2026-06-21,2019,Atheron,Crossover,55.3,90.7,460,20635,8,Yes,1,Pune,Partial,1671227
EV-20433,2026-06-22,2018,Nexora,Sedan,67.1,93.4,577,28369,10.2,No,1,Mumbai,Partial,1791481
EV-20227,2026-06-23,2020,Atheron,Hatchback,52.3,95.3,438,51963,5.2,Yes,2,Delhi,Partial,1671972
EV-20534,2026-06-24,2025,Atheron,Hatchback,110.4059804,94.7,428,32753,4.2,No,1,Hyderabad,Partial,1730797
EV-20671,2026-06-25,2023,Voltix,Hatchback,45.4,90.1,394,103495,4.9,Yes,3,Bengaluru,Complete,1565296
EV-20008,2026-06-26,2016,E-Motion,SUV,80.1,91.1,346,67694,8.4,No,1,Pune,Complete,1591941
EV-20293,2026-06-27,2023,Nexora,Sedan,54.1,98,357,61262,4.5,Yes,3,Pune,Partial,1738906
EV-20623,2026-06-28,2022,Atheron,Sedan,62.4,81.1,371,31661,7.4,No,3,Mumbai,Partial,1463716
EV-20271,2026-06-29,2019,Atheron,SUV,36.5,95,453,45681,11.2,Yes,2,Delhi,Complete,1575271
EV-20746,2026-06-30,2016,E-Motion,SUV,25,88.9,368,22284,4.2,Yes,1,Mumbai,Complete,1503485
EV-20930,2026-07-01,2021,E-Motion,Crossover,48.7,93.6,410,56351,4.1,Yes,2,Chennai,Complete,1620561
EV-20060,2026-07-02,2018,Voltix,SUV,62.6,93.1,334,31251,3.3,Yes,3,Pune,Missing,1591766
EV-20035,2026-07-03,2021,Atheron,SUV,62.9,94,396,101696,4.1,No,1,Bengaluru,Complete,1661102
EV-20248,2026-07-04,2023,E-Motion,SUV,59.6,85.6,392,90472,8.4,Yes,4,Bengaluru,Missing,1421716
EV-20294,2026-07-05,2021,E-Motion,SUV,59.2,84.9,336,111847,4.3,No,1,Mumbai,Complete,1389768
EV-20069,2026-07-06,2025,Voltix,Sedan,52.5,96.6,273,86463,7.5,Yes,1,Mumbai,Complete,1597216
EV-20943,2026-07-07,2023,Voltix,SUV,56.6,,386,26202,6.4,Yes,1,Mumbai,Partial,1726157
EV-20851,2026-07-08,2017,Nexora,Sedan,58,98,169,21307,5.6,No,1,Chennai,Partial,1533675
EV-20303,2026-07-09,2021,GreenDrive,Sedan,72.6,100,506,43700,6,Yes,1,Mumbai,Partial,1922087
EV-20084,2026-07-10,2024,Nexora,Crossover,63.2,99.5,273,29364,4.3,Yes,3,Chennai,Partial,1643643
EV-20798,2026-07-11,2016,Voltix,Crossover,63.3,96.8,373,44598,7,Yes,1,Bengaluru,Complete,1720188
EV-20688,2026-07-12,2021,Nexora,Crossover,50.3,,332,76938,6.3,Yes,1,Bengaluru,Complete,1653638
EV-20226,2026-07-13,2018,Voltix,Crossover,61.3,88.7,353,51082,2.9,Yes,1,Chennai,Partial,1618406
EV-20177,2026-07-14,2020,Voltix,SUV,57.3,91.5,,82603,6,Yes,2,Chennai,Complete,1503786
EV-20738,2026-07-15,2022,Nexora,Sedan,42.6,83.9,258,30117,6.1,No,1,Bengaluru,Complete,1420889
EV-20527,2026-07-16,2020,E-Motion,Sedan,52.8,83.6,290,73172,6.1,Yes,3,Delhi,Complete,1419710
EV-20283,2026-07-17,2022,E-Motion,Crossover,62.7,91.2,235,68105,5.9,No,2,Hyderabad,Partial,1481531
EV-20824,2026-07-18,2016,E-Motion,SUV,53.2,98.2,354,119998,6.9,Yes,1,Pune,Complete,1482469
EV-20960,2026-07-19,2016,Atheron,SUV,95.3,93.4,251,48979,6.2,Yes,2,Mumbai,Complete,1757168
EV-20262,2026-07-20,2025,Voltix,SUV,43.8,91.6,395,87107,6.1,Yes,2,Delhi,Complete,1649767
EV-20225,2026-07-21,2025,Nexora,Sedan,44.5,94.5,382,30454,5,Yes,2,Chennai,Partial,1734542
EV-20658,2026-07-22,2019,GreenDrive,Hatchback,46.1,92.5,491,62666,6.4,Yes,1,Delhi,Complete,1495788
EV-20950,2026-07-23,2019,Atheron,Sedan,69.2,94,382,46751,7.6,Yes,2,Pune,Partial,1631185
EV-20967,2026-07-24,2018,Nexora,Sedan,,88.8,392,44419,,Yes,2,Hyderabad,Complete,1341201
EV-20388,2026-07-25,2024,Atheron,Sedan,30,81,405,86871,,Yes,2,Hyderabad,Complete,1333104
EV-20776,2026-07-26,2022,E-Motion,Hatchback,63.3,85.3,509,62660,3.2,Yes,1,Hyderabad,Complete,1667850
EV-20494,2026-07-27,2016,Voltix,SUV,54.9,96,273,96434,9.3,Yes,2,Hyderabad,Complete,1413912
EV-20790,2026-07-28,2025,GreenDrive,Sedan,76.7,88.4,334,57391,5,Yes,1,Pune,Complete,1647630
EV-20806,2026-07-29,2018,E-Motion,Hatchback,73.7,86.1,293,39702,8.6,No,2,Bengaluru,Missing,1462444
EV-20067,2026-07-30,2019,Nexora,Hatchback,44,91.7,266,91113,7.6,No,2,Mumbai,Partial,1268134
EV-20287,2026-07-31,2023,Atheron,SUV,75.7,91.7,508,49831,8.9,No,1,Delhi,Partial,1888266
EV-20966,2026-08-01,2020,Nexora,Hatchback,41.1,89.9,425,151984,5.2,Yes,1,Pune,Complete,1393379
EV-20331,2026-08-02,2023,Atheron,SUV,56,98.5,331,39184,6.8,Yes,1,Delhi,Complete,1825817
EV-20857,2026-08-03,2024,Atheron,Crossover,50.9,98.7,379,15208,8.2,Yes,3,Mumbai,Missing,1733520
EV-20533,2026-08-04,2020,E-Motion,SUV,62.4,88.4,418,35779,9.5,Yes,3,Delhi,Complete,1578395
EV-20526,2026-08-05,2021,Nexora,Sedan,93.19228224,94.2,421,22734,5.3,Yes,2,Pune,,1750935
EV-20998,2026-08-06,2025,Atheron,Sedan,45.7,93.6,274,52948,6.2,Yes,4,Mumbai,,1517539
EV-20822,2026-08-07,2020,Atheron,SUV,67.1,93.8,402,17684,5.9,No,1,Bengaluru,Complete,1834229
EV-20817,2026-08-08,2022,Voltix,Sedan,67.8,97.9,340,141919,6.1,No,3,Chennai,Missing,1352486
EV-20905,2026-08-09,2021,GreenDrive,Hatchback,47.7,92.2,304,6965,7.6,Yes,2,Pune,Missing,1584806
EV-20216,2026-08-10,2022,GreenDrive,Hatchback,45.6,91.3,,71558,6.8,Yes,2,Pune,Complete,1451409
EV-20244,2026-08-11,2021,Atheron,Crossover,53.1,,362,175075,5.5,Yes,2,Chennai,Complete,1306482
EV-20618,2026-08-12,2023,Atheron,Hatchback,50.5,93.7,328,23964,6.6,Yes,1,Mumbai,Partial,1609978
EV-20387,2026-08-13,2025,Voltix,SUV,69.8,93.5,244,51944,6.4,Yes,1,Pune,Partial,1641462
EV-20801,2026-08-14,2016,Atheron,Sedan,62.6,85.5,313,73772,6.2,Yes,1,Delhi,Partial,1380052
EV-20894,2026-08-15,2019,Nexora,Hatchback,64.7,98.8,514,35102,3.4,No,1,Pune,Complete,1811595
EV-20647,2026-08-16,2019,Atheron,Crossover,45.3,92.7,472,52907,4.2,Yes,1,Mumbai,Complete,1742982
EV-20764,2026-08-17,2023,Voltix,Crossover,58,83.5,333,62429,3.5,No,1,Bengaluru,Complete,1533267
EV-20409,2026-08-18,2023,Voltix,SUV,54.5,93.5,302,43710,4.3,Yes,2,Hyderabad,Partial,1713980
EV-20902,2026-08-19,2023,Nexora,Sedan,51.9,84.8,348,26940,4.9,Yes,1,Bengaluru,Partial,1723226
EV-20570,2026-08-20,2018,E-Motion,SUV,30.8,93.7,405,16490,4.9,Yes,3,Bengaluru,Complete,1600858
EV-20173,2026-08-21,2024,Nexora,Crossover,79.8,94.2,459,14720,2,Yes,1,Bengaluru,Partial,2029110
EV-20302,2026-08-22,2017,GreenDrive,Crossover,,80.2,326,77068,7.1,Yes,1,Mumbai,Complete,1283858
EV-20519,2026-08-23,2023,Atheron,Sedan,74.4,87.3,316,20210,6.1,Yes,1,Delhi,Complete,1746761
EV-20372,2026-08-24,2019,E-Motion,Hatchback,54.9,90,422,86971,4,No,1,Pune,Complete,1394468
EV-20876,2026-08-25,2024,E-Motion,Hatchback,48.9,85.1,408,157097,4.7,Yes,2,Bengaluru,Complete,1463362
EV-20576,2026-08-26,2021,E-Motion,SUV,43.5,96.2,295,23039,7.3,No,2,Bengaluru,Complete,1701868
EV-20706,2026-08-27,2025,Atheron,Sedan,49.4,87.9,494,44340,5.9,Yes,1,Delhi,Partial,1619928
EV-20118,2026-08-28,2022,Atheron,SUV,46.8,100,323,49200,6.6,No,1,Mumbai,Complete,1729397
EV-20529,2026-08-29,2022,E-Motion,Sedan,50.1,88.4,480,83910,6,No,1,Delhi,Complete,1648666
EV-20987,2026-08-30,2017,E-Motion,Crossover,59.9,97.9,361,141751,5.3,Yes,1,Delhi,Complete,1472301
EV-20594,2026-08-31,2022,Voltix,Crossover,50.5,86,259,32151,7.8,Yes,3,Pune,Complete,1432799
EV-20805,2026-09-01,2016,GreenDrive,Hatchback,67.7,93.6,356,66284,6,Yes,2,Mumbai,Partial,1570746
EV-20431,2026-09-02,2020,GreenDrive,Crossover,,97.1,282,61140,7,No,2,Delhi,Complete,1459706
EV-20775,2026-09-03,2016,GreenDrive,Crossover,86.2,93,336,46425,5.8,Yes,1,Mumbai,Complete,1690800
EV-20214,2026-09-04,2023,Voltix,SUV,81.3,84.3,401,28927,5.6,Yes,1,Hyderabad,Complete,1861502
EV-20619,2026-09-05,2021,Nexora,SUV,49.1,,549,17977,6.6,Yes,4,Bengaluru,Complete,1835091
EV-20169,2026-09-06,2019,Voltix,Crossover,49.5,99.3,302,20040,7.1,Yes,3,Delhi,Partial,1561434
EV-20191,2026-09-07,2019,GreenDrive,Hatchback,70,92.8,386,79587,7,Yes,2,Bengaluru,Missing,1326971
EV-20829,2026-09-08,2024,Voltix,Crossover,50.3,87.6,304,10596,3.9,Yes,2,Chennai,Complete,1684990
EV-20362,2026-09-09,2022,GreenDrive,SUV,46.9,90.8,367,15499,4.5,Yes,1,Delhi,Missing,1700996
EV-20862,2026-09-10,2016,GreenDrive,Crossover,66.5,94,406,44060,,Yes,3,Pune,Partial,1548840
EV-20479,2026-09-11,2020,Atheron,Sedan,37.6,95.4,569,120085,3.9,No,3,Hyderabad,Complete,1517335
EV-20995,2026-09-12,2018,GreenDrive,Hatchback,68.4,100,400,115179,7.8,Yes,1,Delhi,Partial,1547603
EV-20205,2026-09-13,2025,Voltix,Crossover,58.7,85.4,371,42295,8.6,Yes,1,Mumbai,Complete,1631202
EV-20515,2026-09-14,2016,GreenDrive,Hatchback,61.6,100,210,37482,7,Yes,1,Mumbai,Complete,1492498
EV-20172,2026-09-15,2016,Nexora,SUV,50.6,81.1,416,60132,5.1,Yes,1,Delhi,Complete,1533378
EV-20200,2026-09-16,2017,GreenDrive,Hatchback,66.4,93.7,348,49548,6.5,No,1,Chennai,,1470687
EV-20804,2026-09-17,2017,E-Motion,Hatchback,80.6,93.6,312,6086,6.7,No,1,Delhi,Partial,1586813
EV-20875,2026-09-18,2019,Nexora,Sedan,80,95.3,513,108281,8.5,No,1,Bengaluru,Partial,1635897
EV-20548,2026-09-19,2023,Voltix,SUV,89.9,87.4,494,34609,6.4,Yes,1,Delhi,Complete,1976346
EV-20821,2026-09-20,2022,E-Motion,Crossover,51.3,98.1,387,27424,3.2,Yes,1,Chennai,Partial,1815250
EV-20991,2026-09-21,2022,Nexora,Hatchback,52.6,89.5,411,68992,5.1,No,1,Hyderabad,Complete,1543304
EV-20794,2026-09-22,2020,Voltix,SUV,45.83600478,86.8,457,11193,4.4,Yes,1,Pune,Complete,1653340
EV-20196,2026-09-23,2017,Atheron,Sedan,67.3,91.5,377,56093,5.2,No,2,Pune,Partial,1530899
EV-20700,2026-09-24,2018,E-Motion,Crossover,44.5,77.3,493,18271,5.8,Yes,1,Bengaluru,Partial,1544933
EV-20569,2026-09-25,2023,Nexora,Hatchback,55,97.6,483,180000,5.2,Yes,2,Bengaluru,Complete,1534470
EV-20979,2026-09-26,2018,Nexora,Hatchback,37.4,89.2,485,29190,5.4,No,2,Delhi,Complete,1574784
EV-20602,2026-09-27,2023,Nexora,SUV,66.5,93.1,491,97462,8,Yes,1,Chennai,Partial,1722682
EV-20633,2026-09-28,2016,Voltix,Sedan,30.8,100,464,79990,5.2,Yes,1,Chennai,Complete,1590968
EV-20889,2026-09-29,2018,GreenDrive,SUV,31,96.6,368,60155,7.4,Yes,2,Delhi,Complete,1463488
EV-20748,2026-09-30,2019,E-Motion,Crossover,,92.3,368,11329,5.4,Yes,3,Pune,Complete,1519483
EV-20263,2026-10-01,2016,Voltix,SUV,62.2,91.2,387,13127,3.9,No,1,Mumbai,Complete,1787362
EV-20376,2026-10-02,2018,GreenDrive,Sedan,92.6,96.8,446,31478,9.1,Yes,2,Bengaluru,Complete,1793645
EV-20590,2026-10-03,2023,E-Motion,Hatchback,46.8,90.6,483,16927,2.1,Yes,1,Bengaluru,Complete,1711536
EV-20909,2026-10-04,2017,E-Motion,Sedan,47.3,97.4,345,26937,6.3,Yes,2,Pune,Complete,1585890
EV-20787,2026-10-05,2025,Voltix,Sedan,52.2,87.4,240,28328,5.1,Yes,1,Bengaluru,Partial,1587266
EV-20808,2026-10-06,2021,Nexora,SUV,60.6,87.7,428,36379,3,No,2,Hyderabad,Complete,1659768
EV-20686,2026-10-07,2016,Voltix,Crossover,51,90.2,196,94257,5.4,Yes,3,Chennai,Complete,1199901
EV-20077,2026-10-08,2025,Voltix,Sedan,50.5,94.4,187,59379,4.6,Yes,1,Hyderabad,Missing,1512202
EV-20258,2026-10-09,2020,Atheron,Sedan,53.9,82.6,276,15133,3.1,Yes,4,Bengaluru,Partial,1389930
EV-20161,2026-10-10,2017,Nexora,Sedan,,87.2,410,31763,6.2,Yes,1,Bengaluru,Partial,1734867
EV-20884,2026-10-11,2017,Voltix,Crossover,64.9,85.2,298,18551,7.7,Yes,1,Mumbai,Complete,1584395
EV-20082,2026-10-12,2019,Voltix,Crossover,63.7,95.1,287,108643,8.2,Yes,2,Delhi,Partial,1428989
EV-20128,2026-10-13,2024,Voltix,Sedan,60,97.7,376,38775,7.6,Yes,1,Hyderabad,Complete,1858335
EV-20774,2026-10-14,2025,E-Motion,Crossover,105.0572304,87,321,48632,7,Yes,1,Chennai,Complete,1574858
EV-20802,2026-10-15,2023,E-Motion,Crossover,61.8,86.9,279,41113,7.4,No,2,Bengaluru,Partial,1503406
EV-20317,2026-10-16,2017,GreenDrive,Crossover,56.5,89.6,331,20427,8.3,Yes,1,Bengaluru,Complete,1507356
EV-20578,2026-10-17,2025,Nexora,Sedan,61.9,95.8,381,25219,7.9,Yes,1,Delhi,Complete,1808881
EV-20193,2026-10-18,2023,Atheron,Crossover,31.3,97.2,285,33740,8.1,Yes,4,Chennai,Complete,1444991
EV-20117,2026-10-19,2023,Atheron,Sedan,,87.2,475,32271,4.2,Yes,3,Chennai,Partial,1634025
EV-20982,2026-10-20,2025,Nexora,Sedan,,90.9,249,26687,5.1,No,3,Hyderabad,Missing,1327563
EV-20591,2026-10-21,2017,Voltix,SUV,58.1,89.1,207,53504,8.2,Yes,1,Bengaluru,Complete,1456162
EV-20632,2026-10-22,2017,E-Motion,Crossover,51.2,87.5,304,43184,3,No,2,Pune,Complete,1388709
EV-20675,2026-10-23,2025,Atheron,Hatchback,32.9,97.8,315,94032,6,Yes,2,Hyderabad,Missing,1412797
EV-20102,2026-10-24,2022,Voltix,Hatchback,62.4,95,,54424,5.9,Yes,2,Hyderabad,Partial,1753994
EV-20188,2026-10-25,2020,GreenDrive,Hatchback,35.4,88.6,304,48570,3.8,Yes,1,Delhi,Partial,1356240
EV-20689,2026-10-26,2017,Nexora,Crossover,63.2,94.8,365,54393,4.6,Yes,3,Hyderabad,Complete,1511660
EV-20045,2026-10-27,2018,E-Motion,Crossover,,92.6,303,55918,3.4,No,1,Delhi,Partial,1474173
EV-20781,2026-10-28,2025,Atheron,Sedan,109.2030823,92.9,556,45595,4.9,Yes,1,Chennai,Complete,2042543
EV-20002,2026-10-29,2022,Atheron,Hatchback,69.7,92,363,75343,7.6,No,1,Pune,Complete,1616533
EV-20972,2026-10-30,2017,GreenDrive,Crossover,73.1,93.8,263,38290,3.8,No,1,Chennai,Complete,1628662
EV-20159,2026-10-31,2023,Atheron,SUV,44.6,90.9,205,50437,6.3,Yes,1,Hyderabad,Missing,1491325
EV-20463,2026-11-01,2023,Atheron,Crossover,45.4,96.3,320,58060,4.9,No,2,Hyderabad,Complete,1619851
EV-20039,2026-11-02,2024,Voltix,Hatchback,53.1,93.1,343,36134,4.5,Yes,1,Mumbai,Partial,1676428
EV-20427,2026-11-03,2017,Nexora,Crossover,,90,375,35420,5.2,Yes,1,Pune,Missing,1427968
EV-20933,2026-11-04,2025,Voltix,Crossover,50,85,426,37068,3.8,Yes,1,Mumbai,Complete,1701061
EV-20710,2026-11-05,2024,GreenDrive,Sedan,68.5,88.8,335,15635,5.5,Yes,2,Chennai,Missing,1572949
EV-20098,2026-11-06,2017,Nexora,Crossover,59,93.4,351,14379,3.2,Yes,1,Mumbai,Partial,1734891
EV-20911,2026-11-07,2016,E-Motion,Hatchback,38.1,97.7,379,65270,6.4,Yes,4,Bengaluru,Complete,1478803
EV-20699,2026-11-08,2017,Atheron,Hatchback,66.8,96.4,469,64972,6.4,Yes,1,Hyderabad,Missing,1673818
EV-20733,2026-11-09,2016,GreenDrive,SUV,55.4,84.3,311,47989,5.5,Yes,1,Mumbai,Complete,1539444
EV-20280,2026-11-10,2025,Atheron,SUV,73.6,95.3,203,23111,4.2,Yes,1,Mumbai,Complete,1758989
EV-20582,2026-11-11,2020,Atheron,Crossover,51.8,91.3,188,62150,7.2,No,1,Pune,Partial,1313932
EV-20211,2026-11-12,2022,Voltix,Crossover,54.8,92.2,237,38592,5.5,No,4,Mumbai,Complete,1463940
EV-20994,2026-11-13,2017,GreenDrive,Crossover,74.3,96.9,281,22130,7.4,Yes,1,Pune,Complete,1756838
EV-20694,2026-11-14,2016,Nexora,SUV,84.9,93.1,311,42225,5.4,Yes,1,Delhi,Complete,1867375
EV-20758,2026-11-15,2023,Atheron,Crossover,87.7,86,406,67039,4.8,Yes,3,Chennai,Partial,1629169
EV-20510,2026-11-16,2022,Nexora,SUV,60.4,98.4,296,71157,6.9,No,1,Chennai,Complete,1617539
EV-20053,2026-11-17,2023,E-Motion,SUV,86.3,81.3,433,159767,7.1,Yes,1,Delhi,,1559561
EV-20369,2026-11-18,2025,GreenDrive,Hatchback,72.2,94.6,511,47983,6.2,Yes,1,Delhi,Partial,1854753
EV-20441,2026-11-19,2023,GreenDrive,SUV,61.4,84.7,515,32768,5.1,Yes,4,Pune,Partial,1711085
EV-20742,2026-11-20,2025,Nexora,Sedan,64.3,85.2,485,50274,3.5,Yes,1,Hyderabad,Complete,1797848
EV-20038,2026-11-21,2017,Nexora,Crossover,56,93.2,289,32695,7.4,No,3,Delhi,Complete,1515014
EV-20588,2026-11-22,2020,Nexora,Crossover,44.1,90.7,481,141481,4.1,No,3,Chennai,,1595098
EV-20150,2026-11-23,2017,Atheron,SUV,43.5,,305,19535,7.8,Yes,2,Bengaluru,Partial,1431289
EV-20141,2026-11-24,2025,Nexora,SUV,39,86.3,461,49698,7.3,No,1,Mumbai,Complete,1773018
EV-20032,2026-11-25,2020,GreenDrive,SUV,60.2,92.8,407,18940,5.9,No,2,Delhi,Complete,1713260
EV-20728,2026-11-26,2020,E-Motion,Sedan,60,88.4,401,12431,8.3,Yes,1,Bengaluru,Complete,1692929
EV-20073,2026-11-27,2022,E-Motion,Sedan,75.6,90.7,382,124993,6.5,No,1,Mumbai,Complete,1621289
EV-20677,2026-11-28,2019,Atheron,SUV,68.9,95.3,559,26673,7.7,Yes,1,Pune,Complete,1883411
EV-20184,2026-11-29,2017,GreenDrive,Sedan,63.4,95.7,366,18566,9.4,No,2,Bengaluru,Partial,1560244
EV-20672,2026-11-30,2017,Atheron,Crossover,51.4,88.2,243,55743,8.1,Yes,1,Delhi,Complete,1294247
EV-20684,2026-12-01,2024,Voltix,SUV,49.1,86.2,218,49682,6,Yes,1,Mumbai,Complete,1618883
EV-20462,2026-12-02,2020,GreenDrive,Sedan,29.6,87.1,332,22714,5.2,Yes,2,Pune,Complete,1456637
EV-20385,2026-12-03,2019,Atheron,Crossover,77,90.1,392,42529,5.5,No,2,Chennai,Complete,1647913
EV-20946,2026-12-04,2025,Nexora,Hatchback,58.2,100,499,8045,4.9,Yes,1,Hyderabad,Missing,1981109
EV-20673,2026-12-05,2024,GreenDrive,Sedan,59.4,88.9,406,55956,6.9,Yes,2,Hyderabad,Complete,1556462
EV-20605,2026-12-06,2016,Atheron,Hatchback,81.9,91.1,271,27111,3.7,Yes,3,Chennai,Complete,1485534
EV-20968,2026-12-07,2020,Voltix,Hatchback,33.2,83.7,289,25114,6.3,Yes,1,Chennai,Partial,1357544
EV-20610,2026-12-08,2017,Nexora,Sedan,69.3,,379,22898,6.2,Yes,1,Bengaluru,Complete,1676092
EV-20500,2026-12-09,2021,Voltix,SUV,48.9,89.6,324,66731,5.3,Yes,1,Delhi,Partial,1534269
EV-20324,2026-12-10,2016,Atheron,SUV,62.4,93.4,354,85269,7.2,Yes,2,Pune,Partial,1417414
EV-20755,2026-12-11,2023,Atheron,SUV,59.4,95.3,483,45641,3,Yes,2,Pune,Complete,1819005
EV-20725,2026-12-12,2024,E-Motion,SUV,80.8,89.9,401,25962,10.5,Yes,1,Chennai,Complete,1815211
EV-20990,2026-12-13,2021,GreenDrive,SUV,38.9,96.1,343,26252,9.1,Yes,3,Mumbai,Complete,1510734
EV-20126,2026-12-14,2025,E-Motion,SUV,51.4,98,348,107515,5.4,No,1,Delhi,Complete,1514605
EV-20970,2026-12-15,2021,Atheron,Hatchback,51.7,,345,46749,8.6,No,1,Chennai,Partial,1403366
EV-20785,2026-12-16,2021,Voltix,Hatchback,29.5,91.8,459,67336,7.3,Yes,1,Bengaluru,Partial,1384071
EV-20396,2026-12-17,2025,Nexora,SUV,63.7,90.6,406,34674,7.2,Yes,1,Delhi,Complete,1797369
EV-20374,2026-12-18,2021,Nexora,Sedan,51.1,94.5,370,52967,5.5,No,1,Chennai,Complete,1608688
EV-20194,2026-12-19,2018,GreenDrive,SUV,59.3,81.8,261,80791,4,No,2,Chennai,Complete,1257677
EV-20363,2026-12-20,2024,Voltix,SUV,64.2,93,410,13853,5.6,Yes,4,Pune,Complete,1744557
EV-20113,2026-12-21,2017,GreenDrive,Hatchback,49.6,98.4,418,38566,7.8,Yes,3,Delhi,Complete,1511149
EV-20818,2026-12-22,2020,E-Motion,Crossover,72.2,89.5,488,57980,5.3,Yes,1,Chennai,,1703282
EV-20310,2026-12-23,2016,E-Motion,SUV,54,83.3,346,120264,4.4,No,1,Chennai,Partial,1232423
EV-20521,2026-12-24,2020,GreenDrive,Hatchback,49.8,83.7,425,64567,5.2,No,1,Pune,Complete,1438609
EV-20608,2026-12-25,2019,Nexora,SUV,59.6,90.1,272,20131,6.7,Yes,1,Pune,Missing,1560518
EV-20788,2026-12-26,2022,Atheron,Crossover,43,84.1,207,34061,3.1,No,1,Chennai,Partial,1487692
EV-20849,2026-12-27,2022,Atheron,Sedan,75.5,89.4,265,22503,6.7,Yes,1,Bengaluru,Partial,1648319
EV-20106,2026-12-28,2016,GreenDrive,Hatchback,54.4,90.6,400,81095,11.1,No,2,Mumbai,Complete,1303927
EV-20621,2026-12-29,2017,GreenDrive,Hatchback,66.7,87.3,387,22428,6.3,Yes,3,Bengaluru,Partial,1527209
EV-20637,2026-12-30,2022,GreenDrive,Hatchback,52.8,100,312,22776,6.5,Yes,1,Delhi,Partial,1569538
EV-20174,2026-12-31,2023,Voltix,SUV,34.6,93.1,370,101584,5.3,Yes,1,Pune,Complete,1443945
EV-20022,2027-01-01,2018,Voltix,Hatchback,74.1,83.3,401,156868,6.6,Yes,2,Pune,Partial,1183921
EV-20072,2027-01-02,2017,E-Motion,Crossover,39.6,91.8,218,65108,6.4,Yes,1,Pune,Partial,1386647
EV-20312,2027-01-03,2017,Atheron,SUV,79.2,90.1,474,149990,6.7,Yes,1,Pune,Complete,1631792
EV-20999,2027-01-04,2021,Nexora,Crossover,50.2,93.5,184,53473,8.5,Yes,2,Mumbai,Complete,1613808
EV-20971,2027-01-05,2024,Atheron,Sedan,71.1,93.7,366,79447,5.7,Yes,2,Delhi,Missing,1528737
EV-20092,2027-01-06,2022,E-Motion,Crossover,52.6,88.8,441,25637,4.4,Yes,1,Hyderabad,Complete,1708328
EV-20089,2027-01-07,2019,Nexora,Hatchback,63.6,83.4,182,58062,6.7,No,2,Delhi,Complete,1300481
EV-20178,2027-01-08,2021,E-Motion,Sedan,55,100,273,42159,6.7,Yes,3,Hyderabad,Missing,1547032
EV-20678,2027-01-09,2020,Voltix,Hatchback,31.8,94.7,260,33783,2.7,Yes,1,Mumbai,Complete,1488900
EV-20907,2027-01-10,2022,E-Motion,SUV,42.3,81.2,403,38443,5.7,Yes,1,Delhi,Partial,1566299
EV-20665,2027-01-11,2017,Voltix,Hatchback,39,100,364,24397,7.5,Yes,1,Mumbai,Partial,1599572
EV-20543,2027-01-12,2019,Nexora,Sedan,37.5,91.5,420,19720,,No,2,Hyderabad,Complete,1681455
EV-20714,2027-01-13,2016,Atheron,Sedan,56.5,96.7,334,37286,2,Yes,2,Pune,Complete,1598515
EV-20724,2027-01-14,2022,GreenDrive,Hatchback,67.8,88.8,386,37826,6.9,No,1,Hyderabad,Partial,1545670
EV-20958,2027-01-15,2020,Nexora,SUV,71.1,92.2,403,71321,4.3,No,1,Hyderabad,Complete,1645371
EV-20218,2027-01-16,2025,E-Motion,Sedan,47.1,100,541,120343,7.1,No,1,Pune,Partial,1551392
EV-20779,2027-01-17,2020,Nexora,Sedan,65.7,,503,24123,5,Yes,1,Chennai,Partial,2008096
EV-20504,2027-01-18,2025,GreenDrive,Hatchback,59.1,94,294,90704,2.2,Yes,2,Delhi,Partial,1559692
EV-20555,2027-01-19,2022,Voltix,Crossover,39.9,93.1,418,26694,6.1,Yes,2,Pune,Complete,1617119
EV-20112,2027-01-20,2022,Nexora,Sedan,84.8,91.9,426,23860,4.2,Yes,1,Chennai,,1886861
EV-20088,2027-01-21,2022,GreenDrive,Crossover,79.4,88.3,377,53102,6,Yes,2,Chennai,Complete,1714458
EV-20638,2027-01-22,2022,Nexora,Crossover,53.8,91.2,407,37165,6.2,No,3,Delhi,Complete,1553786
EV-20628,2027-01-23,2017,Voltix,Crossover,49.7,84.5,523,105034,8.6,Yes,1,Chennai,Complete,1466109
EV-20487,2027-01-24,2021,Voltix,Hatchback,68.3,88.7,408,5779,9.4,Yes,3,Delhi,Complete,1715613
EV-20912,2027-01-25,2023,Voltix,Sedan,52.8,,501,95022,6.2,Yes,3,Hyderabad,Partial,1541348
EV-20996,2027-01-26,2020,Nexora,SUV,64,94.6,387,70303,6.7,No,2,Bengaluru,Complete,1647002
EV-20944,2027-01-27,2024,GreenDrive,Sedan,60.8,98,,44822,5,No,2,Hyderabad,Complete,1833797
EV-20454,2027-01-28,2017,E-Motion,Crossover,44,87.2,324,69417,6.7,Yes,1,Bengaluru,,1430054
EV-20368,2027-01-29,2016,GreenDrive,Hatchback,75.7,91.1,342,20072,8.9,Yes,1,Bengaluru,Partial,1584066
EV-20266,2027-01-30,2019,Voltix,SUV,66,88.2,444,128720,7.7,Yes,2,Bengaluru,Complete,1574143
EV-20086,2027-01-31,2025,E-Motion,SUV,25,92.8,480,83103,6.5,No,3,Pune,Complete,1489227
EV-20231,2027-02-01,2023,Atheron,Sedan,38.2,99.6,533,36823,7.9,Yes,1,Hyderabad,Partial,1787089
EV-20036,2027-02-02,2022,GreenDrive,SUV,48.1,95.4,495,52995,7.6,Yes,2,Chennai,Complete,1636895
EV-20649,2027-02-03,2018,Atheron,SUV,55.4,91,522,10077,2.9,Yes,1,Bengaluru,Complete,1803188
EV-20744,2027-02-04,2020,E-Motion,Crossover,55.1,87.3,322,48965,7,Yes,2,Hyderabad,Partial,1519800
EV-20422,2027-02-05,2020,Nexora,Crossover,68.2,92.8,497,16717,3.6,No,2,Chennai,Partial,1798038
EV-20005,2027-02-06,2025,Voltix,Sedan,61.41577406,91.8,452,114700,2.2,Yes,1,Mumbai,Missing,1458529
EV-20457,2027-02-07,2023,E-Motion,Sedan,55.1,90.1,516,35415,3.2,No,2,Chennai,Complete,1746617
EV-20737,2027-02-08,2019,Atheron,Hatchback,53.9,82.3,301,52921,6.2,Yes,2,Mumbai,,1266332
EV-20446,2027-02-09,2024,Nexora,Hatchback,66.1,96.1,426,19959,8.7,Yes,1,Chennai,Complete,1835351
EV-20830,2027-02-10,2017,GreenDrive,Hatchback,43.6,90.4,440,24857,3.5,Yes,1,Mumbai,Complete,1620946
EV-20816,2027-02-11,2025,E-Motion,Crossover,67.4,88.9,443,40215,7.3,Yes,2,Delhi,Complete,1713816
EV-20429,2027-02-12,2016,GreenDrive,SUV,34.2,89.9,439,28886,7.1,Yes,2,Hyderabad,Complete,1462393
EV-20219,2027-02-13,2024,GreenDrive,Crossover,54.9,85.2,425,64862,7.3,No,1,Chennai,Partial,1545095
EV-20467,2027-02-14,2020,E-Motion,Crossover,63.9,99.2,407,14083,5.1,Yes,1,Delhi,Complete,1858455
EV-20447,2027-02-15,2020,Nexora,SUV,28.7,87.4,331,19409,8.9,No,3,Delhi,Complete,1432859
EV-20880,2027-02-16,2020,GreenDrive,Sedan,38.4,87.9,444,41537,7.2,Yes,1,Chennai,Partial,1473413
EV-20281,2027-02-17,2017,Voltix,Hatchback,59.7,87,283,55487,4.2,Yes,3,Bengaluru,Partial,1469087
EV-20149,2027-02-18,2021,GreenDrive,Hatchback,57.3,93.1,426,20497,6.9,Yes,2,Mumbai,Complete,1543631
EV-20444,2027-02-19,2020,Voltix,Crossover,75.9,92.2,223,24898,4.3,Yes,1,Chennai,Complete,1605585
EV-20558,2027-02-20,2016,Voltix,Hatchback,60.5,92.2,277,38709,7.5,No,2,Pune,Complete,1385643
EV-20898,2027-02-21,2022,Nexora,SUV,57.2,88.9,397,65391,3.8,Yes,1,Pune,Complete,1731568
EV-20716,2027-02-22,2018,Atheron,Crossover,53.5,86.1,478,105449,5.5,Yes,2,Pune,Complete,1495866
EV-20148,2027-02-23,2023,Nexora,Hatchback,53.4,85.6,283,50707,5,Yes,1,Bengaluru,Partial,1437329
EV-20514,2027-02-24,2020,Atheron,Crossover,78.7,91.2,309,129144,6.4,Yes,1,Pune,Complete,1525721
EV-20449,2027-02-25,2023,Nexora,Hatchback,68.3,97.2,484,13318,8.6,No,3,Bengaluru,Partial,1796592
EV-20313,2027-02-26,2019,GreenDrive,Crossover,35.9,81.4,217,155098,7.9,Yes,1,Delhi,Complete,1019997
EV-20680,2027-02-27,2016,Atheron,SUV,60.7,89,338,12863,7.9,Yes,1,Mumbai,Complete,1627888
EV-20793,2027-02-28,2021,E-Motion,SUV,68,87.3,350,44903,7.1,Yes,1,Delhi,Partial,1640262
EV-20615,2027-03-01,2017,GreenDrive,Hatchback,,80.2,527,79997,5.4,Yes,1,Bengaluru,Partial,1594748
EV-20976,2027-03-02,2017,E-Motion,Crossover,48.9,86.3,355,63380,7,Yes,1,Pune,Complete,1447287
EV-20400,2027-03-03,2023,Voltix,SUV,55.7,88.9,295,24454,5.4,Yes,1,Bengaluru,Complete,1767425
EV-20094,2027-03-04,2017,Voltix,SUV,64.2,98.5,373,28932,6.7,Yes,3,Chennai,Missing,1648973
EV-20224,2027-03-05,2021,Atheron,Hatchback,69.6,88.2,247,44336,4.6,Yes,2,Pune,Complete,1528719
EV-20634,2027-03-06,2025,Nexora,Sedan,43.9,89.9,405,18814,3.7,Yes,1,Pune,Complete,1811434
EV-20261,2027-03-07,2021,Voltix,Crossover,44.8,92.1,382,35036,2,Yes,2,Bengaluru,Partial,1661193
EV-20736,2027-03-08,2023,E-Motion,SUV,35.4,87.8,347,125147,8.1,Yes,1,Bengaluru,Missing,1351151
EV-20193,2027-03-09,2023,Atheron,Crossover,31.3,97.2,285,33740,8.1,Yes,4,Chennai,Complete,1444991
EV-20322,2027-03-10,2016,Nexora,SUV,59.8,92.6,182,36732,6.8,Yes,2,Chennai,Partial,1477274
EV-20509,2027-03-11,2022,Nexora,Sedan,50.9,88.8,325,23469,3.4,Yes,1,Chennai,Complete,1664737
EV-20474,2027-03-12,2017,E-Motion,Sedan,46.2,93,350,51540,4.2,Yes,3,Chennai,Complete,1487445
EV-20428,2027-03-13,2024,Atheron,Hatchback,61.4,91.9,,47635,6.9,No,3,Delhi,Partial,1639178
EV-20586,2027-03-14,2022,Nexora,Hatchback,46,93.8,485,57483,6.6,Yes,3,Chennai,Complete,1774298
EV-20466,2027-03-15,2025,Voltix,Hatchback,48.1,90.5,212,22365,5.8,Yes,2,Delhi,Complete,1456204
EV-20666,2027-03-16,2023,GreenDrive,Hatchback,75.3,90.5,301,160368,3.7,Yes,3,Mumbai,Missing,1365385
EV-20988,2027-03-17,2023,GreenDrive,Sedan,,87.7,400,42022,7.1,Yes,1,Hyderabad,Complete,1700441
EV-20087,2027-03-18,2023,Voltix,SUV,36.2,98.2,412,24195,5.7,Yes,2,Pune,Complete,1723485
EV-20144,2027-03-19,2017,E-Motion,Sedan,42.2,79.5,396,64092,4.7,No,3,Pune,Complete,1216710
EV-20906,2027-03-20,2020,Nexora,Hatchback,59.4,93.9,237,36190,3.6,Yes,2,Bengaluru,Complete,1647106
EV-20345,2027-03-21,2019,Atheron,Sedan,66.1,92.3,275,24392,2,No,3,Hyderabad,Complete,1525912
EV-20477,2027-03-22,2016,Nexora,Hatchback,42.2,98.1,,30556,8.3,No,1,Pune,Complete,1592901
EV-20812,2027-03-23,2022,GreenDrive,SUV,61.9,82.8,522,26951,4,Yes,1,Pune,Complete,1726852
EV-20761,2027-03-24,2019,Voltix,Hatchback,44.6,87.9,468,58558,7.5,Yes,2,Mumbai,Complete,1430240
EV-20125,2027-03-25,2016,Atheron,Sedan,65,85.5,501,141893.3505,7.2,Yes,1,Hyderabad,Partial,1624373
EV-20277,2027-03-26,2025,Atheron,Hatchback,58.3,89.9,300,36344,4.8,No,2,Chennai,Complete,1495424
EV-20143,2027-03-27,2023,E-Motion,Hatchback,71.5,80.1,389,18874,5.4,Yes,1,Pune,Complete,1607798
EV-20279,2027-03-28,2019,E-Motion,SUV,65.6,87.1,381,116102,6.8,No,2,Bengaluru,Complete,1395622
EV-20863,2027-03-29,2024,GreenDrive,Sedan,56.7,90.7,426,76816,9,Yes,2,Delhi,Partial,1616347
EV-20181,2027-03-30,2025,Voltix,Sedan,46.2,79.1,477,37778,8,Yes,1,Delhi,Partial,1639642
EV-20017,2027-03-31,2016,E-Motion,SUV,34.5,88.2,300,76176,5.1,No,3,Mumbai,Complete,1235460
EV-20232,2027-04-01,2024,GreenDrive,Crossover,79.5,100,358,85073,8.2,No,2,Delhi,Complete,1702172
EV-20702,2027-04-02,2016,E-Motion,Hatchback,45.5,93.4,351,25099,8.5,Yes,1,Pune,Complete,1541959
EV-20047,2027-04-03,2020,Nexora,SUV,68.2,89.3,259,15402,6.6,Yes,1,Hyderabad,Missing,1634976
EV-20157,2027-04-04,2018,Atheron,Hatchback,63.4,81.1,343,59122,6.8,Yes,1,Bengaluru,Complete,1481801
EV-20740,2027-04-05,2018,GreenDrive,Sedan,59.9,95.1,306,42529,6.6,Yes,3,Delhi,Complete,1420343
EV-20978,2027-04-06,2021,Nexora,Hatchback,75.5,,390,47802,,Yes,2,Chennai,Partial,1719449
EV-20475,2027-04-07,2016,Nexora,SUV,67.5,94.3,501,51902,3.3,Yes,1,Mumbai,Partial,1847653
EV-20406,2027-04-08,2023,GreenDrive,Hatchback,39,91.2,450,66056,7.5,Yes,1,Mumbai,Complete,1530211
EV-20334,2027-04-09,2020,Nexora,SUV,56.3,,414,49738,6.1,No,1,Pune,Partial,1624898
EV-20823,2027-04-10,2025,Nexora,Crossover,59.4,87.4,471,100117,4.6,Yes,1,Bengaluru,Partial,1695950
EV-20754,2027-04-11,2020,GreenDrive,SUV,37.9,92.8,153,42680,6.4,Yes,3,Chennai,Complete,1173010
EV-20027,2027-04-12,2024,Nexora,Sedan,31.3,94.6,352,19195,9.2,No,1,Mumbai,Complete,1545197
EV-20414,2027-04-13,2022,E-Motion,Hatchback,83.3,82.5,440,6719,4.1,No,2,Delhi,Complete,1826602
EV-20164,2027-04-14,2019,Atheron,Sedan,59.6,100,420,51171,6.7,Yes,3,Pune,Complete,1608175
EV-20760,2027-04-15,2019,E-Motion,Crossover,,83.8,376,22528,5.4,No,2,Hyderabad,Partial,1448043
EV-20442,2027-04-16,2023,E-Motion,SUV,68.5,87.4,514,15724,6.5,Yes,2,Bengaluru,Complete,1897144
EV-20212,2027-04-17,2019,E-Motion,Hatchback,97.1,91.3,373,90806,8.4,No,2,Chennai,,1534393
EV-20683,2027-04-18,2025,Voltix,Crossover,42,88.1,276,20364,5.7,Yes,1,Chennai,Partial,1585876
EV-20820,2027-04-19,2016,Atheron,Sedan,74.9,97.8,316,39788,,Yes,1,Mumbai,Missing,1584186
EV-20641,2027-04-20,2022,GreenDrive,Sedan,54.8,89.7,473,13121,9,Yes,1,Hyderabad,Partial,1675031
EV-20881,2027-04-21,2018,Voltix,Sedan,47.1,89.4,314,148747,5.1,Yes,1,Delhi,Complete,1188328
EV-20204,2027-04-22,2016,Voltix,Crossover,38.4,98.5,221,61982,4.1,No,1,Pune,Partial,1354177
EV-20197,2027-04-23,2023,Nexora,SUV,58.2,86.6,488,8368,6.5,Yes,1,Bengaluru,Complete,1873996
EV-20139,2027-04-24,2017,GreenDrive,Sedan,78.8,93.6,,45097,6.6,No,1,Pune,Partial,1489146
EV-20722,2027-04-25,2024,Atheron,Sedan,51.9,92,292,117684,5.5,No,1,Bengaluru,,1377189
EV-20791,2027-04-26,2021,Atheron,Hatchback,25,88.3,344,107205,6.2,Yes,1,Mumbai,Complete,1249369
EV-20661,2027-04-27,2024,Nexora,SUV,59.3,90.2,324,61135,4.3,Yes,1,Bengaluru,Complete,1668399
EV-20573,2027-04-28,2021,Voltix,Crossover,71.3,,250,70377,7,Yes,1,Hyderabad,Partial,1497358
EV-20209,2027-04-29,2017,GreenDrive,Hatchback,48.5,98,401,14566,4.3,Yes,3,Bengaluru,Partial,1559823
EV-20375,2027-04-30,2018,E-Motion,SUV,47.9,93,411,80865,3.5,Yes,1,Hyderabad,Complete,1659211
EV-20826,2027-05-01,2021,Nexora,SUV,61.3,87.8,365,73015,2.6,No,4,Pune,Partial,1611878
EV-20378,2027-05-02,2019,Nexora,SUV,45.8,88.1,376,42940,3.1,Yes,1,Delhi,Partial,1605286
EV-20011,2027-05-03,2016,Nexora,Sedan,57.9,99.5,,40831,8.4,Yes,4,Mumbai,Complete,1591429
EV-20223,2027-05-04,2024,GreenDrive,Hatchback,29.7,87.2,302,51280,6.9,Yes,1,Delhi,Partial,1423292
EV-20844,2027-05-05,2018,Atheron,Crossover,59.8,87.4,337,20828,8.1,No,1,Bengaluru,Complete,1472193
EV-20592,2027-05-06,2022,E-Motion,Sedan,65.2,87.7,332,19957,5.5,Yes,3,Pune,Partial,1593720
EV-20298,2027-05-07,2018,Atheron,Hatchback,60.4,83,359,30563,5.5,No,4,Pune,Complete,1406963
EV-20279,2027-05-08,2019,E-Motion,SUV,65.6,87.1,381,116102,6.8,No,2,Bengaluru,Complete,1395622
EV-20009,2027-05-09,2017,Atheron,Crossover,54.3,83.9,298,69328,8.8,No,2,Chennai,Complete,1288950
EV-20327,2027-05-10,2025,E-Motion,SUV,41.3,97,242,45664,4.9,No,1,Pune,Complete,1590752
EV-20840,2027-05-11,2020,Atheron,SUV,59.3,99.7,374,38801,6.6,Yes,2,Pune,Partial,1598486
EV-20207,2027-05-12,2019,GreenDrive,Crossover,69.5,82.5,458,146451,8.1,No,1,Chennai,Complete,1378831
EV-20915,2027-05-13,2023,Atheron,SUV,,91.6,277,34455,7.6,Yes,1,Hyderabad,Missing,1677290
EV-20080,2027-05-14,2018,Voltix,Sedan,64.9,86.7,268,66360,3.2,No,1,Mumbai,Complete,1483833
EV-20975,2027-05-15,2025,Atheron,SUV,75.3,95.7,448,88098,8.6,Yes,2,Chennai,Partial,1824961
EV-20096,2027-05-16,2020,Atheron,Sedan,80.6,92.8,384,23636,8.5,Yes,1,Hyderabad,Partial,1607438
EV-20137,2027-05-17,2017,Nexora,Crossover,30.9,92.9,200,56012,5.5,Yes,3,Hyderabad,Complete,1236701
EV-20192,2027-05-18,2023,Atheron,SUV,74.6,93.8,455,99854,6.4,Yes,2,Delhi,Complete,1714215
EV-20962,2027-05-19,2023,Nexora,Sedan,69.3,94.3,376,28565,5,Yes,2,Delhi,Complete,1766285
EV-20052,2027-05-20,2020,Nexora,Hatchback,39.1,85.1,424,24532,5.7,No,1,Pune,Complete,1489603
EV-20020,2027-05-21,2023,Nexora,Hatchback,39,86.1,276,43462,,Yes,1,Pune,Missing,1483689
EV-20458,2027-05-22,2024,Atheron,Sedan,78.6,94.7,483,49908,6,Yes,1,Bengaluru,Complete,1933302
EV-20443,2027-05-23,2023,Nexora,Hatchback,48.5,95.7,455,36757,7.4,Yes,3,Mumbai,Complete,1710731
EV-20743,2027-05-24,2025,Voltix,Crossover,67.6,95.3,501,26173,5.1,Yes,1,Bengaluru,Complete,2072547
EV-20064,2027-05-25,2018,E-Motion,Crossover,69.1,95.6,299,33505,7.5,Yes,1,Chennai,Complete,1618536
EV-20361,2027-05-26,2020,Voltix,SUV,43.4,87,296,48334,5,No,1,Hyderabad,Complete,1489924
EV-20896,2027-05-27,2019,GreenDrive,Hatchback,76.5,88.5,,32955,5.1,No,1,Hyderabad,Complete,1591512
EV-20341,2027-05-28,2016,GreenDrive,Sedan,68.4,87.1,415,81227,5.6,Yes,1,Bengaluru,Complete,1511710
EV-20290,2027-05-29,2016,Nexora,SUV,70.6,89.1,298,8239,7.1,Yes,1,Chennai,Complete,1614795
EV-20348,2027-05-30,2024,Nexora,Sedan,46.4,96.3,465,28950,4.8,No,1,Pune,Partial,1851098
EV-20350,2027-05-31,2025,Atheron,SUV,80.5,93.2,414,33862,6.5,Yes,2,Hyderabad,Partial,1867318
EV-20319,2027-06-01,2019,E-Motion,Crossover,70.2,88.7,249,24881,6.9,Yes,1,Delhi,Complete,1657822
EV-20222,2027-06-02,2023,E-Motion,Crossover,64.9,86.1,387,49578,9.7,No,2,Hyderabad,Complete,1586361
EV-20411,2027-06-03,2023,Nexora,Sedan,49.9,86.2,355,20965,7.5,Yes,1,Chennai,Partial,1596105
EV-20131,2027-06-04,2022,Atheron,Hatchback,58.9,88.6,326,28304,5.9,Yes,3,Delhi,Missing,1601064
EV-20604,2027-06-05,2021,Voltix,Sedan,32.6,,293,59815,7.5,No,1,Delhi,Complete,1377723
EV-20718,2027-06-06,2025,Atheron,Sedan,69.8,93.1,353,178655,5.3,No,1,Mumbai,Complete,1408633
EV-20847,2027-06-07,2016,Voltix,Sedan,76.6,87.2,427,65934,12,Yes,2,Hyderabad,Partial,1535091
EV-20697,2027-06-08,2018,Atheron,Hatchback,72.5,95.4,327,138838,7.6,No,2,Pune,Partial,1274268
EV-20018,2027-06-09,2020,Atheron,Hatchback,80,,389,52388,5.7,Yes,2,Hyderabad,Complete,1650638
EV-20346,2027-06-10,2016,Atheron,SUV,50.3,94.6,393,40401,8,Yes,2,Delhi,Partial,1565448
EV-20574,2027-06-11,2016,Nexora,Hatchback,58.3,95.6,315,25884,8.1,Yes,2,Delhi,Partial,1560028
EV-20731,2027-06-12,2018,GreenDrive,Hatchback,56.9,95.7,539,29064,3.9,Yes,1,Mumbai,Partial,1854772
EV-20567,2027-06-13,2016,Nexora,Crossover,79.9,95.5,346,20381,6.4,No,1,Chennai,Partial,1673123
EV-20698,2027-06-14,2021,Atheron,Sedan,55.6,87.4,367,52666,6.6,No,3,Delhi,Complete,1368661
EV-20669,2027-06-15,2024,E-Motion,SUV,71.5,94.1,428,23592,4.8,Yes,2,Pune,Partial,1901015
EV-20503,2027-06-16,2020,Atheron,Hatchback,73.2,99,355,52130,3.6,Yes,1,Chennai,Complete,1716888
EV-20769,2027-06-17,2020,Nexora,SUV,46.9,89.8,433,35136,7.3,No,1,Pune,Partial,1593808
EV-20951,2027-06-18,2020,E-Motion,Sedan,40.2,100,314,15859,6.5,Yes,1,Bengaluru,Partial,1640096
EV-20046,2027-06-19,2020,Voltix,Hatchback,73.1,99,367,121631,2,Yes,2,Pune,Partial,1575296
EV-20989,2027-06-20,2022,Voltix,SUV,66.2,91.3,283,21500,5.4,Yes,1,Hyderabad,Complete,1810163
EV-20981,2027-06-21,2022,Nexora,Hatchback,46.7,96,340,16002,9.4,Yes,1,Chennai,Complete,1560068
EV-20031,2027-06-22,2019,Atheron,Sedan,54.5,88.1,298,67530,5.2,Yes,3,Chennai,Complete,1354635
EV-20836,2027-06-23,2020,Atheron,Crossover,68.9,98,427,44287,5.2,Yes,1,Chennai,Missing,1721694
EV-20265,2027-06-24,2017,E-Motion,Hatchback,97.7,,432,63815,6.1,No,1,Pune,Partial,1622601
EV-20659,2027-06-25,2023,E-Motion,Sedan,51.7,91,456,46437,4.5,Yes,2,Delhi,Complete,1658036
EV-20858,2027-06-26,2025,Voltix,SUV,42,90.9,571,44528,5.5,No,1,Chennai,Complete,1761757
EV-20732,2027-06-27,2023,Atheron,Hatchback,82.8,84.1,211,24417,7.1,Yes,2,Chennai,Complete,1540241
EV-20093,2027-06-28,2022,Voltix,SUV,37.3,87.1,360,33117,5.2,No,1,Chennai,,1527175
EV-20508,2027-06-29,2021,Atheron,Sedan,74.7,83.6,493,81140,,No,1,Delhi,Missing,1524145
EV-20546,2027-06-30,2021,Nexora,Crossover,61.8,100,250,24807,6,No,3,Bengaluru,Partial,1570725
EV-20773,2027-07-01,2019,Nexora,Crossover,61.3,91.6,259,40922,7,Yes,1,Bengaluru,Partial,1558011
EV-20759,2027-07-02,2022,Nexora,Sedan,91.9,90.7,432,85163,3.1,Yes,1,Pune,Complete,1850038
EV-20498,2027-07-03,2021,Atheron,SUV,58.6,99.5,266,42067,9.4,Yes,2,Hyderabad,Partial,1617416
EV-20496,2027-07-04,2024,Atheron,Crossover,52.4,95.3,400,150570,6.2,Yes,1,Mumbai,Partial,1581557
EV-20095,2027-07-05,2019,GreenDrive,Hatchback,47.9,94,376,49904,6.5,No,3,Hyderabad,Complete,1442969
EV-20837,2027-07-06,2022,E-Motion,Hatchback,45.4,94.5,379,103273,6.9,Yes,1,Bengaluru,Partial,1426264
EV-20568,2027-07-07,2017,GreenDrive,Sedan,82.5,89.5,630,45823,6.4,Yes,1,Delhi,Complete,1907925
EV-20766,2027-07-08,2025,Atheron,Hatchback,62.3,100,465,33553,3.7,Yes,2,Bengaluru,Missing,1836481
EV-20828,2027-07-09,2016,GreenDrive,Crossover,36.6,93.4,385,42829,9,Yes,1,Pune,Partial,1455423
EV-20329,2027-07-10,2019,Nexora,Crossover,49.9,87.3,434,34448,5.2,Yes,4,Pune,Complete,1641668
EV-20531,2027-07-11,2023,Voltix,Hatchback,61.3,96.5,399,17887,5.7,No,3,Bengaluru,Missing,1710951
EV-20000,2027-07-12,2018,Nexora,SUV,62.6,87.5,474,137443,5.6,No,3,Pune,Complete,1440997
EV-20195,2027-07-13,2021,Nexora,Sedan,73.8,86.4,381,16388,5.5,Yes,1,Hyderabad,Missing,1863860
EV-20076,2027-07-14,2021,Voltix,SUV,65.4,84.3,404,19350,7,Yes,2,Chennai,Complete,1661221
EV-20472,2027-07-15,2025,Voltix,SUV,92.4,89.9,314,45652,5.4,Yes,3,Mumbai,Partial,1881987
EV-20130,2027-07-16,2024,Nexora,SUV,64.8,95.1,241,28942,7.1,No,1,Hyderabad,Partial,1615911
EV-20624,2027-07-17,2023,GreenDrive,SUV,42,87.9,386,32235,6.3,Yes,1,Pune,Complete,1557883
EV-20111,2027-07-18,2023,E-Motion,Sedan,79,89.8,371,40677,6,Yes,1,Pune,Complete,1815005
EV-20747,2027-07-19,2019,Nexora,SUV,39.5,94.3,374,45369,7.5,Yes,2,Hyderabad,Partial,1548168
EV-20717,2027-07-20,2020,E-Motion,Crossover,68.8,89.7,428,36122,7.9,Yes,1,Delhi,Partial,1731631
EV-20305,2027-07-21,2022,E-Motion,SUV,72.2,92.1,438,76200,7.8,No,3,Bengaluru,Complete,1530989
EV-20550,2027-07-22,2021,Nexora,SUV,60.2,84.8,317,39427,3.1,Yes,1,Chennai,Complete,1635966
EV-20992,2027-07-23,2018,Voltix,Crossover,71.1,100,485,38552,6.4,Yes,2,Bengaluru,Complete,1900662
EV-20482,2027-07-24,2021,Atheron,SUV,75.4,94,384,20262,7.6,Yes,2,Mumbai,Partial,1766069
EV-20320,2027-07-25,2018,Atheron,Crossover,61.9,87.3,474,91936,,Yes,2,Hyderabad,Complete,1560528
EV-20033,2027-07-26,2022,Voltix,Crossover,58.3,94,353,39806,3.7,Yes,2,Pune,Partial,1791087
EV-20135,2027-07-27,2023,Nexora,Sedan,55.3,96.5,406,32302,9.4,Yes,3,Mumbai,Partial,1660811
EV-20344,2027-07-28,2021,GreenDrive,Crossover,43.2,90.9,277,16959,7,No,1,Delhi,Missing,1435300
EV-20763,2027-07-29,2022,Atheron,Hatchback,73,88.9,421,78388,4.8,Yes,2,Hyderabad,Partial,1637995
EV-20010,2027-07-30,2025,GreenDrive,Hatchback,72.5,97.6,308,38714,7,No,1,Chennai,Complete,1771230
EV-20395,2027-07-31,2023,E-Motion,Hatchback,50.2,92.3,272,39839,5.1,Yes,2,Chennai,Complete,1507917
EV-20768,2027-08-01,2023,Voltix,Hatchback,35.3,79.6,341,31261,7.4,Yes,1,Delhi,Complete,1512885
EV-20711,2027-08-02,2016,GreenDrive,Crossover,73.5,94.7,304,75266,7.1,No,2,Hyderabad,Complete,1381203
EV-20037,2027-08-03,2018,Nexora,SUV,70.4,85.6,458,27537,7.8,Yes,2,Hyderabad,Partial,1655146
EV-20397,2027-08-04,2023,Atheron,Crossover,69.1,91.6,463,33891,7.4,Yes,3,Delhi,Complete,1803889
EV-20811,2027-08-05,2019,Nexora,Sedan,78.11816494,100,256,68080,4.8,Yes,1,Pune,Partial,1462277
EV-20132,2027-08-06,2017,Voltix,SUV,50.7,95.1,473,44191,6.3,Yes,1,Hyderabad,Complete,1695265
EV-20603,2027-08-07,2021,Nexora,Hatchback,72.1,94.2,578,162402,5.9,No,2,Pune,Partial,1592270
EV-20286,2027-08-08,2016,E-Motion,Sedan,62.4,90.5,,20783,7.1,Yes,1,Bengaluru,Complete,1580892
EV-20167,2027-08-09,2025,E-Motion,SUV,52.4,83.9,218,10856,3.7,Yes,1,Pune,Partial,1664788
EV-20723,2027-08-10,2021,Nexora,Sedan,49,89.6,412,33558,4.9,No,2,Hyderabad,Complete,1661024
EV-20575,2027-08-11,2018,Voltix,Sedan,51.1,90.6,357,38487,5.2,Yes,2,Pune,Missing,1601503
EV-20016,2027-08-12,2016,E-Motion,Hatchback,55,100,409,98192,4.8,Yes,2,Delhi,Complete,1524944
EV-20899,2027-08-13,2017,Nexora,Crossover,49.7,92.8,243,50805,7.3,Yes,1,Mumbai,Missing,1371247
EV-20367,2027-08-14,2016,Nexora,SUV,62.1,89.7,383,32401,5.8,Yes,2,Chennai,Complete,1651410
EV-20762,2027-08-15,2025,Atheron,Hatchback,50.9,97.4,358,54418,3.6,Yes,1,Delhi,Complete,1780615
EV-20948,2027-08-16,2020,Voltix,Hatchback,57,95.6,472,89144,6.3,Yes,2,Bengaluru,Missing,1464596
EV-20075,2027-08-17,2019,Voltix,SUV,64.8,93.2,230,41874,8.4,Yes,3,Hyderabad,Missing,1450418
EV-20772,2027-08-18,2018,Atheron,Hatchback,60.7,86.9,405,26920,4.4,Yes,3,Hyderabad,Complete,1602239
EV-20750,2027-08-19,2018,Nexora,SUV,46.1,81.5,381,135341,4.6,Yes,3,Bengaluru,Complete,1242280
EV-20512,2027-08-20,2024,Nexora,SUV,75.5,96.7,454,52695,3.5,Yes,1,Chennai,Partial,1994485
EV-20417,2027-08-21,2024,Atheron,Crossover,61.7,91.6,320,40084,5.8,Yes,1,Chennai,Complete,1715549
EV-20513,2027-08-22,2020,Atheron,SUV,41.1,83.8,161,80609,6,No,3,Delhi,Partial,1140605
EV-20522,2027-08-23,2023,E-Motion,Hatchback,59.3,92.4,264,25301,5.5,No,1,Chennai,Complete,1514364
EV-20925,2027-08-24,2020,GreenDrive,Hatchback,56.1,92.4,486,33055,7.3,Yes,1,Mumbai,Complete,1579058
EV-20882,2027-08-25,2017,GreenDrive,Hatchback,60.2,88.4,505,92298,8.2,Yes,3,Pune,Complete,1344510
EV-20235,2027-08-26,2023,Nexora,Crossover,42.3,91.4,349,25191,6.5,No,1,Bengaluru,Partial,1664090
EV-20014,2027-08-27,2019,E-Motion,Crossover,74.6,86.9,429,36719,6.7,Yes,2,Pune,Partial,1662379
EV-20765,2027-08-28,2020,Atheron,Crossover,53.8,91.3,373,180656.2177,5.4,Yes,1,Delhi,Complete,1624997
EV-20481,2027-08-29,2020,E-Motion,Sedan,54.1,93.5,281,25951,8.7,Yes,2,Delhi,Complete,1584378
EV-20670,2027-08-30,2017,Voltix,Hatchback,32.6,86.3,442,110689,4.1,No,1,Bengaluru,Complete,1280188
EV-20012,2027-08-31,2016,Atheron,Hatchback,70.1,90.7,420,59465,4.9,Yes,3,Pune,Complete,1504429
EV-20434,2027-09-01,2020,E-Motion,Crossover,76.4,89.2,279,40531,5.5,Yes,2,Mumbai,Partial,1722064
EV-20937,2027-09-02,2021,GreenDrive,Hatchback,72.1,88.1,305,83360,6.4,No,1,Mumbai,Partial,1410717
EV-20771,2027-09-03,2017,Voltix,Hatchback,49.2,92.5,168,37023,6.3,No,1,Chennai,Partial,1347486
EV-20914,2027-09-04,2024,Atheron,Crossover,48,85.1,447,29454,4.3,No,1,Hyderabad,Complete,1704978
EV-20034,2027-09-05,2017,Atheron,Sedan,51.9,94.3,459,18271,5.4,Yes,1,Mumbai,Missing,1652474
EV-20055,2027-09-06,2023,GreenDrive,SUV,38.6,92.4,312,15976,5.2,Yes,2,Mumbai,Partial,1665434
EV-20887,2027-09-07,2017,Atheron,Hatchback,48,96.2,457,61807,6.6,Yes,1,Chennai,Complete,1447544
EV-20485,2027-09-08,2022,Nexora,SUV,58.7,81.3,430,169204,,Yes,2,Bengaluru,Complete,1469659
EV-20394,2027-09-09,2018,Voltix,SUV,56.3,92.7,323,51483,4.7,Yes,2,Mumbai,,1638096
EV-20415,2027-09-10,2024,Nexora,Crossover,59.3,,463,59829,6.4,No,1,Mumbai,Complete,1688046
EV-20062,2027-09-11,2024,Nexora,Sedan,69.2,85.8,474,146622,3.2,Yes,2,Chennai,Partial,1603369
EV-20438,2027-09-12,2025,GreenDrive,SUV,75.4,88.9,433,69012,3.8,Yes,3,Bengaluru,Complete,1783390
EV-20299,2027-09-13,2022,Atheron,Crossover,45.8,85.4,460,25138,3.2,No,1,Bengaluru,Complete,1706608
EV-20525,2027-09-14,2021,GreenDrive,SUV,31.8,83.7,397,53533,2.1,Yes,4,Delhi,Missing,1347295
EV-20189,2027-09-15,2019,GreenDrive,Sedan,78.4,84.1,390,37276,5.5,Yes,4,Bengaluru,Partial,1522451
EV-20116,2027-09-16,2019,Voltix,Crossover,65.1,83.9,,40457,5.3,No,2,Mumbai,Complete,1364370
EV-20653,2027-09-17,2019,Atheron,Crossover,61.4,92.3,398,72412,10.6,No,4,Chennai,Complete,1267473
EV-20795,2027-09-18,2020,E-Motion,Hatchback,65.1,81.4,253,44864,7.8,Yes,2,Bengaluru,Complete,1441234
EV-20129,2027-09-19,2020,Nexora,SUV,69.9,97.4,271,117045,7.5,No,2,Bengaluru,Complete,1555905
EV-20213,2027-09-20,2017,Voltix,SUV,60.3,93.2,341,9262,8.5,Yes,1,Chennai,Partial,1633608
EV-20595,2027-09-21,2021,GreenDrive,SUV,83.9,90.4,227,59087,2,Yes,3,Pune,Complete,1513557
EV-20328,2027-09-22,2016,Atheron,Crossover,51.4,92.4,400,49420,5.8,Yes,1,Pune,Complete,1530809
EV-20357,2027-09-23,2017,E-Motion,Sedan,37.9,89.9,333,61861,3,No,1,Bengaluru,Complete,1338124
EV-20756,2027-09-24,2020,Atheron,Hatchback,67.5,99.9,290,55605,9.2,Yes,1,Bengaluru,Complete,1624596
EV-20984,2027-09-25,2025,Atheron,Crossover,91.1,81.8,434,23708,2,No,1,Delhi,Partial,1958519
EV-20410,2027-09-26,2019,GreenDrive,Sedan,76.8,98.6,264,39435,2.8,Yes,1,Chennai,Complete,1724555
EV-20168,2027-09-27,2019,Voltix,Crossover,63.6,88.2,150,103173,,No,3,Pune,Complete,1232571