CustomerID,Age,AnnualIncome,Spending,CreditScore,Balance,Tenure,Geography,Gender,Segment,Target
10001,58,49184,2139,581,,2,France,Male,SME,Stay
10002,65,162964,6197,732,6356.54,1,USA,Male,SME,Churn
10003,56,26956,37281,503,143203.92,8,Canada,Male,Corporate,Stay
10004,55,92926,925,463,139627.88,5,,Male,Retail,Churn
10005,66,108236,7198,394,75985.46,5,UK,Other,Corporate,Churn
10006,69,31390,48323,770,107245.62,6,India,Other,Corporate,Stay
10007,58,182141,24200,891,38457.72,1,India,Other,Retail,Churn
10008,67,95861,5729,538,173296.73,6,UK,Female,SME,Stay
10009,41,62638,24760,663,41901.41,4,France,Other,SME,Stay
10010,22,179680,42113,475,106827.98,3,USA,Female,Corporate,Churn
10011,,187772,45599,870,43923.03,5,India,,Retail,Stay
10012,69,102694,26790,574,13237.72,9,France,Female,Retail,Churn
10013,59,150870,26428,769,28574.32,2,USA,Other,SME,Stay
10014,52,88876,49456,898,85686.77,9,Canada,Female,Retail,Stay
10015,26,153569,32843,393,151156.43,1,USA,Other,Retail,Churn
10016,68,198384,28166,365,76953.46,9,Canada,Other,Corporate,Churn
10017,53,,45083,417,136342.07,8,UK,Other,Corporate,Churn
10018,,96939,28992,461,90744.74,4,,Male,SME,Churn
10019,24,183918,20058,819,121794.04,2,UK,Male,SME,Stay
10020,67,159029,537,631,97721.14,1,UK,Female,Retail,Churn
10021,21,83143,37682,380,17130.69,7,India,Other,Retail,Churn
10022,26,192949,31648,862,33025.39,8,,Female,Retail,Stay
10023,52,72730,47223,619,79798.46,10,France,Female,Corporate,Stay
10024,51,138354,8430,553,44939.47,5,India,Other,SME,Stay
10025,32,174256,14932,307,14198.62,10,India,,Retail,Churn
10026,20,106619,5143,826,47600.93,10,Canada,Male,SME,Stay
10027,26,169695,38262,784,48599.45,7,Canada,Male,Retail,Stay
10028,24,192748,28749,662,84715.72,7,France,Male,SME,Stay
10029,59,189392,6949,362,80524.26,5,India,Male,Retail,Churn
10030,30,160584,29900,443,84376.33,4,Canada,Male,Retail,Churn
10031,46,164264,6916,351,130428.98,8,India,Male,,Churn
10032,28,126539,32326,792,42749.46,6,India,Male,Corporate,Stay
10033,18,122346,17880,765,57049.85,8,France,Other,Corporate,Stay
10034,27,69780,19945,522,193741.87,9,France,Other,Retail,Stay
10035,65,102209,4246,351,116835.52,8,Germany,Male,Retail,Churn
10036,50,41000,12678,370,119007.02,10,USA,Female,Retail,Churn
10037,54,84543,38440,340,123876.3,6,France,Other,SME,Churn
10038,51,102934,17589,509,133945.19,5,USA,Female,Corporate,Stay
10039,26,196079,42803,607,91444.91,1,India,Female,SME,Churn
10040,54,46209,5301,850,42630.86,4,USA,Female,Retail,Stay
10041,33,116869,19176,461,87636.91,8,France,Female,SME,Churn
10042,69,191435,35164,308,133572.64,8,UK,Other,Retail,Churn
10043,26,89328,8064,409,148483.34,2,UK,Female,SME,Churn
10044,31,109884,13842,570,101081.81,4,India,Male,SME,Stay
10045,45,92530,3389,303,66711.31,2,France,Female,Retail,Churn
10046,65,135824,36654,737,112181.37,1,India,Other,Retail,Churn
10047,52,29444,24696,896,110505.02,6,USA,Male,Corporate,Stay
10048,41,30458,23949,515,136413.34,10,India,Female,SME,Stay
10049,44,182702,49617,458,185152.76,3,USA,Male,Corporate,Churn
10050,19,67018,48771,640,156477.3,6,France,Other,Retail,Stay
10051,35,61732,46458,410,76508.34,0,Canada,Male,Retail,Churn
10052,,140665,23415,612,164107.28,3,USA,Male,SME,Stay
10053,,124455,22012,585,,4,UK,Other,SME,Stay
10054,43,198131,35641,639,187847.43,1,UK,Male,SME,Churn
10055,34,30028,7604,744,69137.42,5,Canada,Other,SME,Stay
10056,25,120976,38287,494,50944.5,6,India,Other,SME,Churn
10057,61,195801,13412,672,86259.48,10,UK,Other,Corporate,Stay
10058,60,52669,47669,607,101424.5,10,Canada,Female,Corporate,Stay
10059,62,97504,36833,430,,10,Canada,Other,,Churn
10060,29,181353,37796,608,81215.03,0,UK,Female,Retail,Churn
10061,45,172039,40258,629,92997.64,7,France,Male,SME,Stay
10062,48,64483,43678,386,56757.28,10,France,Other,,Churn
10063,23,81569,44592,617,44928.13,3,USA,Male,Retail,Stay
10064,33,144554,40560,374,91083.23,10,Germany,Male,SME,Churn
10065,,120657,32899,709,48796.89,10,,Male,Retail,Stay
10066,67,131449,14841,480,160821.97,8,Canada,Male,SME,Churn
10067,33,51813,30414,436,160283.32,10,Germany,Other,SME,Churn
10068,38,136017,40650,816,85348.15,8,Canada,Male,SME,Stay
10069,48,137983,17486,553,167972.58,4,Germany,Female,SME,Stay
10070,33,91984,29327,379,142708.97,3,UK,Female,Corporate,Churn
10071,52,41122,9568,454,,2,France,Male,Retail,Churn
10072,,126849,22184,855,93184.86,0,USA,Female,Corporate,Churn
10073,67,173112,46081,320,171346.41,9,Canada,Female,Retail,Churn
10074,40,98279,49879,699,170689.59,6,,Other,SME,Stay
10075,52,178139,14953,799,43884.33,6,Canada,Male,Corporate,Stay
10076,39,195341,45008,714,144836.28,7,USA,Other,SME,Stay
10077,19,123290,39290,877,132599.95,1,France,Female,Retail,Churn
10078,,67639,3795,566,75820.77,3,Canada,Female,Corporate,Stay
10079,66,119385,18735,731,50454.31,1,Canada,Male,SME,Churn
10080,52,33653,23435,529,130028.82,10,India,Male,Retail,Stay
10081,30,25342,41219,456,47708.99,7,France,Male,SME,Churn
10082,31,141905,46340,562,153379.62,2,Germany,,SME,Stay
10083,63,50024,11232,618,21619.75,0,UK,Other,SME,Churn
10084,42,123980,47359,503,15199.3,10,USA,Male,SME,Churn
10085,67,99058,45343,423,159245.44,9,India,Female,SME,Churn
10086,45,193413,24785,370,101192.16,5,India,Female,Corporate,Churn
10087,24,133645,24236,770,141461.73,6,USA,Other,SME,Stay
10088,59,90800,40864,851,154928.29,7,Canada,Other,SME,Stay
10089,35,104490,16588,388,55785.65,7,USA,Female,SME,Churn
10090,57,195161,25337,644,5740,5,USA,Female,Retail,Churn
10091,40,87725,22804,586,176064,4,Germany,Male,SME,Stay
10092,30,42442,16317,716,97715.57,3,France,Female,SME,Stay
10093,63,148665,29871,317,18610.67,3,Canada,Other,Retail,Churn
10094,37,194053,38612,677,94652.1,8,UK,Female,SME,Stay
10095,53,106714,23556,764,54183.29,4,USA,Male,SME,Stay
10096,30,102719,8335,848,190175.51,2,USA,Male,SME,Stay
10097,48,92482,47986,837,119358.15,1,USA,Female,Retail,Churn
10098,41,67039,20309,314,141603.7,2,UK,Male,Retail,Churn
10099,53,,46205,429,127573.93,7,India,Male,SME,Churn
10100,36,143049,31873,751,68141.19,0,UK,Female,Retail,Churn
10101,70,37129,26760,803,,10,France,Male,Retail,Churn
10102,27,167545,20412,387,198783.62,1,Germany,Female,SME,Churn
10103,56,182114,15290,835,76075.61,7,UK,Other,Corporate,Stay
10104,37,169062,41199,361,121926.18,1,USA,Other,Retail,Churn
10105,34,193127,5820,460,47973.04,8,India,Male,Retail,Churn
10106,44,138096,45678,781,58251.86,3,,Other,Corporate,Stay
10107,62,139021,5164,539,184782.21,10,Germany,Other,,Stay
10108,45,50087,36188,530,129526.94,4,USA,Male,Retail,Stay
10109,28,,39496,882,184238.51,7,India,Female,SME,Stay
10110,37,125515,18341,812,107996.31,7,India,Other,Retail,Stay
10111,45,104494,40064,556,5172.98,3,France,Other,SME,Churn
10112,19,196234,18162,890,8046.33,2,Canada,Other,,Churn
10113,46,92917,12394,899,87177,7,India,Female,Corporate,Stay
10114,44,107374,21540,407,171546.62,5,Canada,Other,Corporate,Churn
10115,36,193692,26744,863,7339.43,1,UK,Female,Corporate,Churn
10116,25,125952,34224,301,131532.08,8,,Female,Retail,Churn
10117,30,155905,24209,810,125081.75,0,USA,Female,SME,Churn
10118,26,95505,29212,796,24285.22,10,Germany,Male,SME,Stay
10119,28,101461,36599,314,110450.28,1,USA,Male,Corporate,Churn
10120,25,189793,10590,810,186530.61,4,Germany,Other,Corporate,Stay
10121,44,146484,31447,549,91357.29,2,Canada,Male,SME,Stay
10122,50,55784,5075,582,154535.03,6,UK,Other,Corporate,Stay
10123,70,20672,19036,605,167495.18,9,France,Female,Retail,Stay
10124,46,,32241,653,,8,Canada,Female,Corporate,Stay
10125,30,82601,37973,692,46712.49,6,India,Female,SME,Stay
10126,48,119937,25802,455,99065.73,0,USA,Other,SME,Churn
10127,39,46309,29355,402,105190.22,7,India,Other,Retail,Churn
10128,44,191646,10616,376,93898.12,4,UK,Other,SME,Churn
10129,43,190350,5763,636,170468.27,8,Canada,Female,SME,Stay
10130,63,147912,35956,336,123491.89,3,France,Other,Corporate,Churn
10131,32,43692,28940,400,152073.94,1,Canada,Male,SME,Churn
10132,37,27588,3514,632,159228.69,4,UK,Female,Corporate,Stay
10133,27,84014,35310,721,113185.61,2,USA,Male,,Stay
10134,57,120281,41113,546,99533.45,9,USA,Male,Corporate,Stay
10135,58,86578,30618,561,133368.14,7,UK,Other,SME,Stay
10136,28,39362,29449,653,197530.34,4,France,Female,SME,Stay
10137,34,139756,20299,503,199874.71,7,India,Male,,Stay
10138,54,114098,38170,602,198538.41,4,India,Other,Corporate,Stay
10139,35,22122,37588,350,182123.39,7,UK,Male,SME,Churn
10140,69,112358,14852,494,124178.23,10,France,,,Churn
10141,26,184691,6867,340,61786.58,7,India,Other,Corporate,Churn
10142,64,54448,6406,602,65343.83,6,USA,Male,Retail,Stay
10143,68,,24476,843,100358.95,4,USA,Female,Corporate,Stay
10144,69,97369,49426,646,160846.51,7,India,,,Stay
10145,61,196791,26544,870,73155.01,6,India,Female,SME,Stay
10146,25,139219,24655,568,116912.02,10,UK,Male,SME,Stay
10147,32,143594,2140,874,65601.26,9,USA,Other,Retail,Stay
10148,58,141704,46445,609,129847.89,1,USA,Male,Retail,Churn
10149,37,149138,8110,399,46960.01,8,USA,Female,Corporate,Churn
10150,41,,49202,853,83825.35,2,,Other,Retail,Stay
10151,,181389,27246,586,6543.26,5,USA,Female,Corporate,Churn
10152,33,115075,7011,676,108893.17,10,UK,Male,Corporate,Stay
10153,35,69757,8505,765,18334.68,3,France,Other,SME,Churn
10154,19,33258,22356,549,197764.18,9,USA,Male,SME,Stay
10155,31,173716,14652,538,65711.91,2,Germany,Male,Corporate,Stay
10156,27,54076,35903,556,159702.76,1,France,Male,Retail,Churn
10157,18,113911,16093,631,3156.22,4,India,,SME,Churn
10158,44,157910,7948,365,95249.19,5,Germany,Other,Retail,Churn
10159,46,152078,15019,344,145448.6,10,Germany,Female,Corporate,Churn
10160,59,28165,4486,790,,6,France,Male,Corporate,Stay
10161,63,136277,5316,382,64422.36,2,India,Male,Corporate,Churn
10162,57,185957,38862,861,142430.56,6,Germany,Other,Corporate,Stay
10163,47,152527,40177,740,19835.69,1,France,Other,SME,Churn
10164,64,,28685,762,177618.2,6,UK,,Corporate,Stay
10165,44,44926,20983,737,62504.71,4,UK,Male,SME,Stay
10166,48,37598,6478,387,18646.02,1,France,Other,Corporate,Churn
10167,69,54108,36962,361,117293.02,8,Germany,Female,SME,Churn
10168,25,127691,23673,733,173618.43,0,,Other,Corporate,Churn
10169,40,47158,38374,819,42547.76,10,Canada,Male,Retail,Stay
10170,40,165821,24588,417,152521.13,9,USA,Female,SME,Churn
10171,67,182981,40711,870,5250.77,10,France,Female,Retail,Churn
10172,29,91636,46552,616,184307.5,5,India,Male,Retail,Stay
10173,54,,26765,371,28374.93,10,India,Male,SME,Churn
10174,51,76395,25154,729,90729.16,2,UK,Female,SME,Stay
10175,38,168791,39574,386,176668.44,2,USA,,Retail,Churn
10176,61,41386,18332,753,132387.74,7,Germany,Female,Corporate,Stay
10177,,76510,49975,824,22763.5,6,India,Female,SME,Stay
10178,61,,32391,839,133426.51,0,USA,Female,SME,Churn
10179,21,22015,13897,608,,2,UK,Female,Corporate,Stay
10180,25,22026,33096,740,35138.96,6,Germany,Other,Retail,Stay
10181,50,166466,44281,662,14415.1,0,Canada,Male,Corporate,Churn
10182,22,102066,38232,739,114679.94,10,Canada,Female,Retail,Stay
10183,43,25467,21784,475,,9,,Other,Corporate,Churn
10184,23,134481,7437,549,87135.31,6,Germany,Male,Corporate,Stay
10185,37,109001,15020,641,155823.57,1,Germany,Other,Retail,Churn
10186,51,153680,13207,657,70219.95,10,USA,Male,Retail,Stay
10187,27,87100,13428,477,120479.8,10,India,,SME,Churn
10188,49,141622,49943,877,,7,France,Other,SME,Stay
10189,58,183714,21681,623,30191.48,1,Canada,Female,SME,Churn
10190,37,92004,39259,357,70388.44,1,UK,Female,Corporate,Churn
10191,20,34913,24665,593,15346.2,1,Germany,Other,SME,Churn
10192,42,141297,38532,867,190846.3,0,Canada,Other,SME,Churn
10193,30,104286,40149,787,100273.46,0,Canada,Male,Corporate,Churn
10194,63,42106,33566,476,7828.43,7,Canada,Other,SME,Churn
10195,57,61614,24348,681,183587.36,6,Canada,Female,,Stay
10196,56,33727,41845,642,13182.37,1,Germany,Other,Corporate,Churn
10197,,86059,47930,453,,9,France,Male,Corporate,Churn
10198,37,191980,46275,701,25790.33,1,UK,Other,Corporate,Churn
10199,59,106108,8875,839,18690.59,10,Canada,Other,Corporate,Churn
10200,19,115052,20741,484,190233.86,5,Canada,Male,Retail,Churn
10201,26,,5557,602,168885.68,1,Germany,,SME,Churn
10202,51,29895,43880,644,175278.55,9,USA,Other,Corporate,Stay
10203,27,62532,12351,469,144236.6,0,,Female,SME,Churn
10204,64,82267,29611,591,150478.23,7,USA,Other,Retail,Stay
10205,37,142949,13215,676,135661.37,9,Canada,Female,Corporate,Stay
10206,,120105,33458,840,83732.17,2,USA,Other,Retail,Stay
10207,34,33678,42520,792,,8,India,Other,SME,Stay
10208,25,94727,5996,464,54558.26,8,USA,Female,Retail,Churn
10209,32,138260,23410,327,82979.38,6,Germany,Female,Retail,Churn
10210,42,41392,25070,529,5637.51,1,France,Other,Corporate,Churn
10211,,58285,9517,339,57375.88,7,France,Male,SME,Churn
10212,48,137598,40827,305,181171.5,0,UK,Male,Retail,Churn
10213,53,179614,35088,733,22237.37,4,USA,Female,Retail,Stay
10214,21,82505,28013,768,12561.43,7,Germany,,Retail,Churn
10215,58,155102,38186,547,143708.87,4,Canada,Male,SME,Stay
10216,40,83062,37899,726,37462.78,10,,Other,Corporate,Stay
10217,22,157903,36156,819,157282.47,8,Germany,Male,,Stay
10218,48,31412,42159,696,,4,France,Male,Corporate,Stay
10219,68,37710,23096,546,146588.2,10,India,Other,SME,Stay
10220,66,107167,9243,345,70459.81,5,France,Male,SME,Churn
10221,47,145444,41901,486,162299.54,1,France,Female,Retail,Churn
10222,36,72845,3370,504,177158.08,5,UK,Other,Corporate,Stay
10223,70,162352,31524,559,7324.15,10,USA,Female,Corporate,Churn
10224,67,32531,43474,639,54643.32,5,Canada,,SME,Stay
10225,46,121356,22719,491,99240.65,7,UK,Other,Corporate,Churn
10226,69,41656,48150,734,15785.4,9,USA,Other,Corporate,Churn
10227,38,46895,5747,635,132183.84,4,Canada,Other,SME,Stay
10228,45,63684,45704,754,70309.4,0,France,Female,SME,Churn
10229,45,91973,42408,358,15008.23,10,Canada,Female,SME,Churn
10230,69,198103,10984,331,28555.89,9,France,Female,Retail,Churn
10231,26,,15966,675,72430.12,9,India,Other,Retail,Stay
10232,61,137944,24811,680,88787.86,1,Germany,Male,SME,Churn
10233,41,,21103,585,49922.33,1,India,Other,Retail,Churn
10234,,155723,25861,875,23552.2,4,France,Female,Retail,Stay
10235,57,94862,45980,802,40035.67,2,India,Female,Retail,Stay
10236,63,136683,6253,627,133567.96,1,Germany,Other,Corporate,Churn
10237,37,61289,47149,478,158739.28,8,,Male,Retail,Churn
10238,68,56405,16014,805,5256.81,8,Germany,Female,Corporate,Churn
10239,69,,9004,388,13149.62,6,France,Other,Corporate,Churn
10240,51,127687,27332,888,14750.14,5,France,Male,Corporate,Churn
10241,47,198286,34405,652,25666.92,8,France,Other,Retail,Stay
10242,67,53825,28852,814,182142.45,0,India,Other,Retail,Churn
10243,37,63163,11114,630,186947.57,3,UK,Other,Corporate,Stay
10244,23,85694,13364,864,54890.21,10,UK,Other,SME,Stay
10245,23,151746,42507,472,,9,USA,Male,SME,Churn
10246,57,178633,22626,877,8238.86,0,India,Male,SME,Churn
10247,67,171197,17844,515,153391.8,6,Germany,Other,Retail,Stay
10248,49,184407,36254,596,128381.46,4,Canada,Male,SME,Stay
10249,43,97970,30223,374,137722.71,2,,Female,Corporate,Churn
10250,47,73483,22794,447,62516.5,5,France,,Corporate,Churn
10251,26,117134,34249,875,21236.79,3,Canada,Male,Corporate,Stay
10252,46,84990,9732,399,10121.06,6,Germany,Female,Retail,Churn
10253,28,105835,38359,620,37966.82,2,Canada,Other,Corporate,Stay
10254,49,100882,33095,323,18009.82,6,,Female,Retail,Churn
10255,31,,23627,349,10108.08,7,Germany,Other,SME,Churn
10256,48,94907,35672,308,169434.47,6,USA,Female,SME,Churn
10257,41,125710,24482,346,80116.32,9,Germany,Male,Corporate,Churn
10258,53,95655,5318,695,100851.11,8,UK,Other,SME,Stay
10259,,51145,8932,399,78780.74,5,Germany,Female,Retail,Churn
10260,30,177932,33865,711,100015.58,0,India,Male,SME,Churn
10261,,144189,34534,767,29788.13,8,USA,Female,SME,Stay
10262,38,62598,26252,606,118744.93,8,Germany,Other,Corporate,Stay
10263,63,167567,20147,786,163149.77,5,UK,Other,Retail,Stay
10264,44,173014,20663,327,119381.92,4,France,Other,SME,Churn
10265,32,33462,38741,791,34102.41,10,France,Other,Corporate,Stay
10266,27,,16372,332,114514.05,1,USA,Male,Corporate,Churn
10267,38,,10424,722,138100.05,6,Germany,Other,Corporate,Stay
10268,65,36326,46753,441,103736.64,8,UK,Other,Corporate,Churn
10269,51,118782,21062,477,91932.71,8,UK,Other,Corporate,Churn
10270,61,198453,42659,570,122015.32,3,USA,Female,SME,Stay
10271,37,78947,20004,595,,7,UK,Female,Corporate,Stay
10272,53,91685,19360,424,114695.36,8,Canada,Female,Corporate,Churn
10273,67,58397,19535,343,57526.07,1,UK,Female,SME,Churn
10274,34,145587,14523,506,165590.34,4,Germany,Other,Corporate,Stay
10275,26,48633,40849,900,47856.41,0,France,Other,Retail,Churn
10276,58,81036,3940,402,82660.27,7,India,Other,Retail,Churn
10277,18,164271,10850,716,130578.56,7,Canada,Other,Retail,Stay
10278,66,95299,21548,592,129179.58,1,France,Other,Retail,Churn
10279,52,29777,11973,727,176448.99,2,India,Female,Corporate,Stay
10280,,95882,2955,309,59678.44,9,India,Female,Corporate,Churn
10281,47,188116,36105,836,98782.48,2,Germany,Female,Corporate,Stay
10282,,49529,22171,466,146223.85,10,UK,Other,Retail,Churn
10283,18,108371,19834,881,134880.23,3,USA,Other,SME,Stay
10284,43,132119,34269,635,17347.55,10,India,Male,Retail,Churn
10285,48,104830,16756,306,52157.06,3,Canada,Female,Corporate,Churn
10286,37,172688,47874,886,2287.15,10,UK,Other,Retail,Churn
10287,21,195056,8247,776,,6,France,Other,SME,Stay
10288,67,101521,45738,420,127742.27,4,UK,Other,Retail,Churn
10289,32,55014,31838,456,90995.73,9,UK,Female,SME,Churn
10290,53,143424,35726,523,152371.92,10,Germany,Male,,Stay
10291,46,158457,46622,670,15620.54,9,India,Male,SME,Churn
10292,50,72994,38032,849,29970.48,5,Germany,Female,Retail,Stay
10293,,73844,47483,897,97765.59,8,Canada,Male,Corporate,Stay
10294,26,154544,27725,767,112782.24,8,,Other,Corporate,Stay
10295,64,25706,26448,560,163290.65,3,Germany,Male,Retail,Stay
10296,45,110316,46400,365,108232.7,0,India,Female,,Churn
10297,36,127182,12295,438,153165.54,10,Canada,Female,Corporate,Churn
10298,46,118958,25118,382,136546.07,10,Germany,Male,SME,Churn
10299,40,51098,12196,850,78611.73,2,France,Male,Retail,Stay
10300,66,25959,20053,774,134699.97,8,Canada,Other,Corporate,Stay
10301,70,80205,16720,771,69231.95,4,USA,Other,Retail,Stay
10302,20,193066,27975,316,48133.26,1,India,Other,Retail,Churn
10303,46,176705,44541,349,48946.83,0,Canada,Female,Retail,Churn
10304,52,,49939,357,28027.12,4,USA,,SME,Churn
10305,38,171381,39685,628,47380.81,2,France,Other,Retail,Stay
10306,44,98774,18532,362,111343.62,9,France,Male,SME,Churn
10307,61,131988,36928,807,9376.82,5,France,Other,Corporate,Churn
10308,68,157484,21388,726,81651.84,4,Canada,Male,SME,Stay
10309,48,83168,15268,607,171508.25,2,Canada,Male,SME,Stay
10310,44,129185,37022,842,26818.55,3,UK,Male,,Stay
10311,59,40727,29977,679,18492.8,3,India,Female,Corporate,Churn
10312,61,178589,40013,340,174724.09,3,Germany,Other,SME,Churn
10313,53,76889,31917,513,,5,UK,Male,Retail,Stay
10314,30,50753,49447,790,182888.26,9,France,Male,Corporate,Stay
10315,33,164724,21577,589,76132.35,8,France,Female,Corporate,Stay
10316,34,114278,34107,809,93200.81,7,UK,Male,Corporate,Stay
10317,38,128509,3496,876,172816.97,2,India,Female,SME,Stay
10318,,171818,47686,727,59038.46,3,UK,Male,Corporate,Stay
10319,54,84416,33222,863,130921.59,10,UK,Female,Corporate,Stay
10320,64,188216,48970,802,92165.8,5,USA,,,Stay
10321,52,,12561,855,198064.71,0,Germany,Male,Retail,Churn
10322,70,195168,3679,306,82478.44,10,USA,Male,SME,Churn
10323,27,22396,14834,817,91201.93,0,Germany,Other,SME,Churn
10324,57,146669,43706,799,3146.35,8,Germany,Female,Retail,Churn
10325,19,158783,47829,581,107147.62,4,India,Other,SME,Stay
10326,61,132872,12248,409,183609.77,8,USA,Male,Retail,Churn
10327,,158007,17042,662,53464.95,6,India,Female,Corporate,Stay
10328,47,168111,16438,531,59994.93,1,France,Other,Retail,Churn
10329,23,126241,25355,686,110540.29,0,France,,SME,Churn
10330,28,41675,33258,744,128981.45,5,Germany,Male,SME,Stay
10331,20,80231,14355,880,95100.06,0,India,Other,Corporate,Churn
10332,52,167720,43629,333,35870.9,5,India,Male,SME,Churn
10333,27,124410,5542,606,32490.05,3,Germany,Female,SME,Stay
10334,52,106960,25655,443,158099.62,1,Germany,Other,Corporate,Churn
10335,21,45607,29145,537,167734.93,5,Germany,Other,SME,Stay
10336,43,,2441,579,156709.63,7,Canada,Male,Corporate,Stay
10337,53,118415,28801,490,135938.97,10,Canada,Male,SME,Churn
10338,36,84605,47234,375,16407.6,2,Canada,Other,SME,Churn
10339,27,122137,21253,669,21310.18,0,UK,Female,Corporate,Churn
10340,66,90717,7199,435,17459.45,6,Canada,Other,SME,Churn
10341,50,126966,7269,326,17923.77,8,India,Other,SME,Churn
10342,68,105047,25746,312,58369.47,6,India,Other,SME,Churn
10343,33,169935,34651,473,137063.2,2,USA,Female,Corporate,Churn
10344,35,149269,10063,364,33441.48,4,Canada,Female,Corporate,Churn
10345,68,,24166,557,188844.46,10,Canada,Other,SME,Stay
10346,30,140025,7510,438,60931.6,6,UK,Other,Corporate,Churn
10347,69,106387,29350,642,,10,Germany,Male,Corporate,Stay
10348,38,178128,46066,505,95801.95,2,Canada,,Corporate,Stay
10349,65,185911,32678,889,156394.87,5,Canada,Female,Corporate,Stay
10350,41,49855,37452,504,118445.41,8,USA,Other,SME,Stay
10351,19,141011,46923,514,87690.99,4,France,,Corporate,Stay
10352,61,150889,9621,610,48404.23,10,USA,Other,Corporate,Stay
10353,68,118825,5347,759,198140.12,7,Germany,Female,SME,Stay
10354,50,129655,36128,337,158144.18,5,France,Other,SME,Churn
10355,58,42277,7667,554,131520.33,5,USA,Other,SME,Stay
10356,20,167644,42772,709,,5,Canada,,Retail,Stay
10357,24,87826,15049,822,149370.61,8,Germany,Other,SME,Stay
10358,32,136858,25018,700,92612.64,10,Germany,,SME,Stay
10359,27,110431,2109,794,20909.87,6,India,Male,SME,Stay
10360,27,111312,20940,651,91066.53,3,Germany,Female,Corporate,Stay
10361,48,45591,29215,763,63781.89,4,India,Other,Retail,Stay
10362,19,109935,42965,411,135427.87,2,France,Male,SME,Churn
10363,29,164679,10994,638,111969.79,7,USA,Female,SME,Stay
10364,29,68860,42474,742,79116.48,9,USA,Female,SME,Stay
10365,45,121930,791,519,41156.9,1,Germany,Male,SME,Churn
10366,29,115890,21863,501,91510.08,4,France,Female,SME,Stay
10367,58,102157,39623,697,122261.68,9,India,Female,Corporate,Stay
10368,47,181837,11806,604,183736.52,9,India,Other,Retail,Stay
10369,38,50896,16135,612,23389.78,5,France,Male,SME,Stay
10370,42,129638,39587,441,114961.21,6,,Female,SME,Churn
10371,52,189151,11853,868,33373.1,4,USA,Male,Corporate,Stay
10372,46,182374,4013,667,,7,USA,Male,Corporate,Stay
10373,53,152497,43299,806,81826.87,7,Canada,Other,Corporate,Stay
10374,49,63844,5917,878,6172.14,3,UK,Male,Corporate,Churn
10375,32,160930,19418,472,156148.04,9,France,Female,SME,Churn
10376,50,49677,38033,416,53577.78,8,UK,Other,Retail,Churn
10377,66,135701,36305,523,197955.15,1,France,Other,Retail,Churn
10378,37,28449,29973,569,69715.4,1,Canada,Male,Retail,Churn
10379,31,174120,45663,659,172209.74,9,France,Female,Retail,Stay
10380,,56499,14041,511,161088.1,9,UK,Other,Corporate,Stay
10381,56,161234,11534,631,195800.03,4,,Other,Corporate,Stay
10382,50,198074,6740,438,192554.4,6,India,Female,SME,Churn
10383,26,54784,16862,449,142278.97,3,France,Female,Corporate,Churn
10384,27,171368,41945,575,,6,Canada,Male,SME,Stay
10385,68,44404,26901,827,149960.48,5,Canada,Female,Corporate,Stay
10386,55,20648,48519,395,146186.39,7,France,Other,SME,Churn
10387,40,36601,35524,707,43565.99,6,USA,,Corporate,Stay
10388,38,94342,22635,860,115586.73,9,Canada,Female,SME,Stay
10389,66,32690,3510,401,125235.9,7,India,Male,Retail,Churn
10390,46,139673,544,738,40463.64,2,,Female,Retail,Stay
10391,35,44468,43399,669,50077.86,5,France,Other,,Stay
10392,21,123898,41499,612,145197.67,3,Canada,Other,Retail,Stay
10393,63,44951,571,518,95361.34,2,Germany,Male,SME,Stay
10394,61,136671,1108,308,139119.42,1,Canada,Other,Retail,Churn
10395,,38567,15504,692,17866.22,1,India,Female,Corporate,Churn
10396,37,55947,25582,436,128315.23,10,USA,Male,SME,Churn
10397,54,22221,40497,468,88019.88,3,France,Other,Retail,Churn
10398,44,181500,45494,753,171992.5,1,India,Male,Retail,Churn
10399,55,120671,23538,739,62900.73,2,USA,Female,SME,Stay
10400,23,85055,36767,591,155793.93,0,,Female,Retail,Churn
10401,,179102,33892,493,149568.73,4,France,Male,Retail,Churn
10402,49,121157,7888,546,,9,India,Other,Retail,Stay
10403,41,102961,9149,696,172162.8,9,Canada,Female,SME,Stay
10404,61,65290,31368,374,3337.88,1,India,Female,Retail,Churn
10405,20,35851,26581,818,57297.56,8,Canada,Female,SME,Stay
10406,43,41607,42478,849,107531.07,2,UK,Male,Corporate,Stay
10407,23,154035,13816,459,107278.03,6,Germany,Other,SME,Churn
10408,61,188599,4832,617,139735.18,3,India,Male,Retail,Stay
10409,45,50405,30212,356,61858.01,10,France,Male,Retail,Churn
10410,18,55969,46473,311,,5,Germany,Other,SME,Churn
10411,34,,24870,429,149955.28,4,France,Male,Retail,Churn
10412,39,132544,18324,836,12774.4,9,France,Male,,Churn
10413,47,<NA>,24101,356,99922,9,USA,Female,Retail,Churn
10414,34,46975,38111,418,45680.88,8,India,Male,Retail,Churn
10415,33,32053,31417,672,76595.89,2,USA,Male,SME,Stay
10416,69,191888,27983,529,64360.4,6,,Female,Corporate,Stay
10417,70,40417,37956,681,23880.19,10,India,Male,Retail,Stay
10418,69,155207,3509,710,13785.29,7,UK,Female,,Churn
10419,23,164989,30433,308,73783.87,4,Germany,Female,SME,Churn
10420,57,83591,30903,677,118338.19,7,USA,Other,SME,Stay
10421,66,84258,10367,306,186479.51,0,USA,Other,Corporate,Churn
10422,58,22515,22455,301,151785.83,6,France,Other,Corporate,Churn
10423,24,73790,35221,543,83963.17,0,USA,Other,Corporate,Churn
10424,23,31508,15669,832,82611.36,5,Canada,Other,Retail,Stay
10425,55,45054,33623,436,127443.14,6,India,Other,SME,Churn
10426,21,134028,43913,433,47354.35,4,UK,Female,SME,Churn
10427,65,105524,21344,763,54391.17,1,USA,Male,SME,Churn
10428,24,60739,7424,468,89913.35,5,Canada,Male,SME,Churn
10429,40,74430,30116,615,92669.32,1,India,Male,,Churn
10430,37,178152,3143,520,167184.95,5,USA,Male,SME,Stay
10431,33,113255,26468,825,9790.12,4,UK,Male,Retail,Churn
10432,43,138541,36934,863,49970.53,7,India,Male,Retail,Stay
10433,18,36166,15067,433,39626.61,6,UK,Other,SME,Churn
10434,59,42030,38663,900,51764.13,1,India,Male,Retail,Churn
10435,59,136242,8940,394,181015.59,5,India,Male,Corporate,Churn
10436,21,64037,38110,743,164337.08,6,Canada,Male,Corporate,Stay
10437,61,131847,11825,662,42943.22,2,UK,Female,Corporate,Stay
10438,27,29083,40746,551,129455.68,7,Canada,Other,,Stay
10439,21,42995,18835,692,27447.2,3,France,Other,Retail,Stay
10440,58,162516,1779,691,156383.15,5,Canada,Other,Corporate,Stay
10441,40,168282,33424,629,77676.25,2,India,Female,SME,Stay
10442,32,27681,18911,359,161730.78,7,Germany,Female,SME,Churn
10443,32,61844,7062,553,131372.88,4,Germany,Other,Retail,Stay
10444,66,77517,38228,697,70960.93,2,USA,Male,SME,Stay
10445,38,114052,39268,328,140690.58,5,Germany,Other,Retail,Churn
10446,54,69344,32758,855,61810.61,7,India,Male,Retail,Stay
10447,<NA>,177722,14839,320,105289.7,0,UK,Other,Retail,Churn
10448,69,54207,22831,481,183756.16,5,India,Male,Retail,Churn
10449,55,57133,7769,838,172133.89,1,UK,Other,SME,Churn
10450,43,173620,7121,644,60353.03,2,USA,Other,Corporate,Stay
10451,68,187579,32429,624,34840.53,8,France,Other,Corporate,Stay
10452,32,194465,39097,479,75676.82,4,USA,Male,SME,Churn
10453,18,170165,26163,881,6476.55,9,,Other,Retail,Churn
10454,58,,7322,808,28128.67,1,USA,Female,,Churn
10455,28,186772,6314,643,89325.99,4,USA,Male,SME,Stay
10456,22,111876,17320,410,144082.72,0,Canada,Female,SME,Churn
10457,44,63604,27633,804,176354.13,5,Germany,Female,Retail,Stay
10458,,171533,43161,530,32531.3,1,India,Female,Retail,Churn
10459,38,88453,7363,375,68361.64,6,USA,Other,Retail,Churn
10460,53,44406,22647,794,140900.93,6,,Male,SME,Stay
10461,45,61183,4009,403,66218.92,3,Canada,Other,SME,Churn
10462,64,161590,17884,588,59480.13,1,India,Female,SME,Churn
10463,53,148699,10565,355,72165.78,6,India,Female,SME,Churn
10464,58,177342,31978,504,19397.38,3,USA,Other,,Churn
10465,23,144143,8069,615,156975.31,7,Canada,Other,Corporate,Stay
10466,23,188261,36159,696,,6,UK,Male,Corporate,Stay
10467,,89021,29318,776,52680.16,4,Germany,Male,Retail,Stay
10468,66,194972,6837,387,133628.23,8,Canada,Other,Retail,Churn
10469,53,35986,25869,835,83726.41,8,France,Female,SME,Stay
10470,33,144849,20085,380,78960.87,0,Germany,Other,SME,Churn
10471,69,169811,44902,450,24056.37,7,USA,Male,Retail,Churn
10472,69,70521,8769,343,84674.98,10,Canada,,SME,Churn
10473,27,175988,17400,627,182160.9,1,India,Female,SME,Churn
10474,43,164717,21873,582,103937.64,0,France,Other,SME,Churn
10475,51,129994,7874,724,29928.46,9,Germany,Other,Retail,Stay
10476,24,167504,7118,592,173495.05,5,Canada,Female,Corporate,Stay
10477,59,147293,37988,784,7493.13,4,Canada,Male,SME,Churn
10478,56,198471,45959,711,7756.51,5,France,Male,Retail,Churn
10479,65,144575,18101,681,4046.58,4,,Female,Corporate,Churn
10480,,199529,6936,533,26877.1,7,UK,Female,SME,Stay
10481,44,178591,42807,391,37587.14,3,Canada,Other,Corporate,Churn
10482,66,155397,25004,357,103053.94,2,India,Female,SME,Churn
10483,50,125744,9389,836,175866.52,0,USA,,Retail,Churn
10484,21,,2667,767,10111.86,5,France,Male,Corporate,Churn
10485,41,141692,33603,706,127081.96,1,France,Male,Retail,Churn
10486,41,148132,39431,756,35516.74,7,Germany,Other,Corporate,Stay
10487,40,62864,17451,392,57013.88,6,India,Male,SME,Churn
10488,67,76182,15006,530,135539.05,4,France,Female,SME,Stay
10489,19,198834,1083,785,182303.09,10,USA,,Retail,Stay
10490,32,86162,40368,612,142548.1,10,UK,Female,Corporate,Stay
10491,40,140323,17014,523,93339.6,10,Germany,Other,Corporate,Stay
10492,55,46820,981,823,199885.88,5,Germany,Other,SME,Stay
10493,56,94102,20060,410,96347.68,5,UK,Other,Corporate,Churn
10494,35,88458,43499,605,37672.02,8,USA,Male,SME,Stay
10495,43,193154,21444,443,144256.64,10,Canada,Female,,Churn
10496,44,126063,25945,336,116604.74,9,USA,Female,SME,Churn
10497,63,78291,45478,847,127662.72,7,France,Female,SME,Stay
10498,37,64560,43597,871,36227.17,1,Canada,Male,SME,Churn
10499,34,166546,12497,643,130886.93,3,UK,Male,SME,Stay
10500,37,130224,22213,680,52111.85,4,Canada,Male,Corporate,Stay
10501,21,186303,38745,894,188860.2,1,Canada,Male,SME,Churn
10502,25,198440,25513,842,59671.15,0,USA,Male,Retail,Churn
10503,<NA>,127267,37816,768,28644.83,2,India,Female,Corporate,Stay
10504,58,66353,21039,359,942.7,4,USA,Male,SME,Churn
10505,66,61532,32584,390,,6,France,Female,Corporate,Churn
10506,45,145147,25621,304,7545.06,3,France,Female,Retail,Churn
10507,38,159207,12989,318,135349.63,10,France,,Retail,Churn
10508,62,110269,20953,432,20541.64,8,Germany,Female,Retail,Churn
10509,,31984,20042,597,91185.26,8,Germany,Other,Corporate,Stay
10510,45,55072,22961,801,71850.18,3,USA,,Retail,Stay
10511,32,78804,48155,434,,0,,,Retail,Churn
10512,25,116099,47103,338,75038.49,10,UK,Other,SME,Churn
10513,21,175693,3643,410,130713.52,0,India,Other,Retail,Churn
10514,44,136474,25420,426,109456.48,7,France,Male,Retail,Churn
10515,62,199762,41808,309,60223.29,10,India,Other,SME,Churn
10516,35,183262,40190,440,83765.15,1,Germany,Other,SME,Churn
10517,25,94109,7971,408,99547.81,9,USA,Female,SME,Churn
10518,30,113827,46600,719,59070.24,0,Germany,Female,Retail,Churn
10519,62,,22166,540,547.6,10,India,,SME,Churn
10520,60,149526,10274,392,155905.24,1,France,Other,Retail,Churn
10521,34,188909,15649,767,197733.19,4,UK,Female,Retail,Stay
10522,24,65797,3085,597,72042.93,10,UK,Female,SME,Stay
10523,25,44903,3507,309,170399.75,10,France,Male,Corporate,Churn
10524,40,134744,41250,574,175695.11,1,,Female,Retail,Churn
10525,25,125061,26730,767,54366.62,6,France,Female,Corporate,Stay
10526,59,63720,7909,435,139233.97,0,USA,Male,Corporate,Churn
10527,55,,37786,748,,6,UK,Other,,Stay
10528,61,54250,32159,799,22587.5,6,Canada,Male,Retail,Stay
10529,34,191697,21093,312,140913.64,10,Germany,Other,SME,Churn
10530,64,168114,15179,646,103819.94,9,India,Female,SME,Stay
10531,64,85162,32083,654,132742.13,10,Canada,Male,SME,Stay
10532,57,34304,1263,460,101113.51,7,Canada,Male,Retail,Churn
10533,66,148882,21513,546,66178.97,4,India,Other,Retail,Stay
10534,53,188641,25314,712,163420.66,1,Canada,,SME,Churn
10535,46,43073,33166,757,63212.31,7,France,Other,Retail,Stay
10536,24,125759,27523,336,111426.2,0,India,Other,SME,Churn
10537,58,99848,33814,875,41370.25,10,Canada,Female,Corporate,Stay
10538,70,34227,15109,765,66394.53,9,Germany,Female,SME,Stay
10539,60,115235,47418,763,22804.67,10,USA,Male,Corporate,Stay
10540,40,186110,19635,860,104397.02,1,India,Male,Corporate,Churn
10541,26,127272,7509,560,122170.35,3,India,Female,Retail,Stay
10542,47,69959,47475,646,21553.15,6,India,Other,SME,Stay
10543,55,52301,30024,768,,8,USA,Female,Retail,Stay
10544,51,32732,36756,743,167763.22,7,Germany,Male,SME,Stay
10545,55,65521,48373,431,20710.79,10,Germany,Other,Corporate,Churn
10546,50,120837,27937,554,54719.18,5,UK,Female,Retail,Stay
10547,,,39987,824,59782.63,8,UK,Other,SME,Stay
10548,53,185827,14743,505,41942.54,4,France,Female,SME,Stay
10549,26,,12153,815,108498.3,10,UK,Other,Retail,Stay
10550,66,112337,37349,791,116561.25,10,France,Female,SME,Stay
10551,65,159959,19238,732,161660.96,8,India,Male,Corporate,Stay
10552,27,33910,44425,357,39980.48,2,UK,Other,Corporate,Churn
10553,27,36261,45758,602,40800.18,8,India,Female,Corporate,Stay
10554,24,,44771,875,172968.3,10,Germany,Female,Retail,Stay
10555,50,95402,45912,348,185296.96,6,Canada,Other,Corporate,Churn
10556,53,34103,1349,557,40617.44,7,USA,Other,SME,Stay
10557,63,189772,24600,859,147690.01,3,France,,,Stay
10558,46,66511,45238,376,37395.32,2,France,Other,Retail,Churn
10559,42,30652,28582,585,111319.72,2,USA,Other,Corporate,Stay
10560,,106655,31061,458,7988.12,5,Germany,Male,SME,Churn
10561,57,193510,20236,802,157981.64,8,UK,Male,SME,Stay
10562,38,157729,14915,488,104121.26,8,USA,Female,SME,Churn
10563,52,125753,6525,657,44239.62,3,France,Female,Corporate,Stay
10564,41,96958,14816,843,94971.44,8,France,Male,Retail,Stay
10565,60,110703,29707,546,180899.29,9,Germany,Male,Retail,Stay
10566,61,104131,25493,416,77175.19,8,France,Female,Retail,Churn
10567,51,118293,34205,820,89111.38,0,UK,Other,Retail,Churn
10568,38,154714,5896,398,33478.96,8,Germany,Male,SME,Churn
10569,22,75255,44431,518,172990.17,6,India,Male,SME,Stay
10570,62,134094,42873,373,,2,,Female,SME,Churn
10571,39,29931,6235,375,10853.61,4,Germany,Male,,Churn
10572,70,79675,17450,717,77606.52,10,Canada,Female,Corporate,Stay
10573,19,122105,44625,421,106966.87,10,France,Other,Retail,Churn
10574,66,173513,3482,374,71540.03,8,India,,SME,Churn
10575,37,179007,6169,588,153054.85,7,Canada,Female,SME,Stay
10576,19,144253,10744,846,43973.15,6,Germany,Female,SME,Stay
10577,27,98133,44886,682,191478.33,0,Germany,Other,Retail,Churn
10578,25,30950,829,886,119330.98,8,Germany,Male,Corporate,Stay
10579,31,110138,14376,722,181125.61,8,USA,Male,Retail,Stay
10580,32,181712,17063,498,22924.51,10,Germany,Male,SME,Churn
10581,47,188997,36522,374,58130.53,1,UK,Male,Retail,Churn
10582,64,172199,32428,638,71427.67,10,France,Male,Retail,Stay
10583,36,182402,5074,498,63557.19,7,UK,Other,SME,Churn
10584,37,173136,10487,879,113372.38,5,Canada,Male,Retail,Stay
10585,,84533,15017,746,55335.97,5,,Other,SME,Stay
10586,39,145817,30833,756,71748.32,4,Canada,Other,Retail,Stay
10587,29,,40255,383,168358.6,2,Germany,Male,Corporate,Churn
10588,64,184264,5511,377,178421.04,8,France,Male,SME,Churn
10589,55,126203,39168,517,181260.72,8,UK,Other,SME,Stay
10590,48,191418,10240,674,78499.67,9,France,Female,Retail,Stay
10591,47,,33950,392,79357.03,8,India,,Retail,Churn
10592,,180965,45337,469,151441.21,2,Canada,Male,Retail,Churn
10593,54,,43715,449,147183.96,7,UK,Male,Retail,Churn
10594,66,147832,15687,364,52871.42,3,India,Other,Retail,Churn
10595,51,114699,25934,780,183580.39,0,India,Other,Corporate,Churn
10596,24,156674,42021,580,166974.45,4,Germany,Other,SME,Stay
10597,29,118739,43339,687,73059.36,10,,Other,Corporate,Stay
10598,42,78431,34340,715,70579.6,5,Canada,Female,SME,Stay
10599,18,151553,9607,750,33121.16,1,Germany,Other,Corporate,Churn
10600,31,59384,12749,461,72444.59,1,France,Male,Corporate,Churn
10601,69,106566,47702,416,96303.33,7,Canada,Male,SME,Churn
10602,28,189675,27428,322,48734.06,2,Germany,,Retail,Churn
10603,26,185030,34096,340,178159.53,2,India,Male,Corporate,Churn
10604,29,155434,27071,877,127524.54,10,UK,Male,Retail,Stay
10605,46,178997,31394,793,34113.36,6,Germany,Male,SME,Stay
10606,70,67679,41342,823,52904.14,10,UK,,SME,Stay
10607,55,38046,15561,687,77092.38,1,India,Male,SME,Churn
10608,50,199402,28011,453,,2,Canada,Other,SME,Churn
10609,20,159311,33486,420,18637.99,10,USA,Other,SME,Churn
10610,70,20314,44970,741,104408.85,5,India,Other,SME,Stay
10611,45,80158,32096,690,70103.56,9,India,Female,,Stay
10612,34,145079,15737,385,56653.33,8,Canada,Female,Retail,Churn
10613,18,21864,38378,835,23565.72,0,Canada,Other,Retail,Churn
10614,62,102811,27294,670,21316.64,6,France,Other,Corporate,Stay
10615,34,160536,28258,878,73128.82,4,France,Female,Retail,Stay
10616,44,164730,37040,794,35743.92,8,Germany,Female,Corporate,Stay
10617,37,171427,23067,707,,10,India,Other,Retail,Stay
10618,46,62413,7071,519,101668.71,5,Germany,Other,SME,Stay
10619,61,33645,11034,698,192914.05,0,India,Male,Corporate,Churn
10620,56,134131,6276,365,52618.4,5,India,Other,Retail,Churn
10621,64,120748,26756,833,57293.85,9,India,Male,SME,Stay
10622,49,135073,1201,506,170113.53,8,UK,Male,Retail,Stay
10623,68,177159,33959,828,139689.95,9,USA,Other,Retail,Stay
10624,41,82719,43427,300,195129.18,1,UK,Female,Corporate,Churn
10625,60,123584,27071,900,40062.08,0,France,Other,Retail,Churn
10626,23,164072,19144,872,183001.79,5,UK,Female,Retail,Stay
10627,56,70993,30303,713,114981.34,4,USA,Female,SME,Stay
10628,24,166441,5243,815,58850.36,1,Germany,Female,SME,Churn
10629,70,170704,16893,753,193211.09,9,Canada,Male,,Stay
10630,67,140284,45168,771,179304.76,0,Canada,Male,Corporate,Churn
10631,22,120315,42027,525,135382.6,3,UK,Female,Corporate,Stay
10632,51,160417,1137,569,49651.52,1,Canada,Other,SME,Churn
10633,70,109651,5482,867,186279.25,7,UK,Female,Retail,Stay
10634,54,,12478,494,99799.87,3,USA,Other,Retail,Churn
10635,34,74205,15521,507,166988.1,9,UK,Male,Retail,Stay
10636,25,40575,44790,804,122765.4,8,India,Female,Corporate,Stay
10637,57,102684,32766,888,173753.77,7,USA,Other,Corporate,Stay
10638,43,78220,49663,890,25649.19,8,Canada,Female,SME,Stay
10639,20,151720,23259,703,172080.03,2,Canada,Male,SME,Stay
10640,51,140604,21186,308,,3,Canada,Other,Retail,Churn
10641,38,114791,40659,565,37430.49,4,USA,Female,Corporate,Stay
10642,57,109940,24481,488,99754,3,Canada,Other,Corporate,Churn
10643,41,125012,18825,761,35977.85,2,Germany,Other,Retail,Stay
10644,70,46180,47739,576,160817.52,8,Canada,Female,Retail,Stay
10645,27,59203,31497,309,35321.46,7,USA,Other,SME,Churn
10646,52,102766,32391,607,50194.81,9,India,Female,Retail,Stay
10647,62,62819,4434,520,162763.61,7,France,Male,Corporate,Stay
10648,65,107728,17524,669,72061.32,8,UK,Female,Retail,Stay
10649,44,51781,23509,503,115370.75,10,France,Other,Retail,Stay
10650,,94608,23772,632,134638.57,7,France,Female,Retail,Stay
10651,,180868,19277,774,126342.44,2,USA,Other,Corporate,Stay
10652,44,185484,40628,885,80954.54,1,India,Male,Corporate,Churn
10653,32,,21266,598,142086.7,9,France,Female,Corporate,Stay
10654,46,115201,49514,833,193105.21,6,USA,Male,Retail,Stay
10655,,81506,43886,557,188087.47,1,USA,Male,Corporate,Churn
10656,24,45048,4680,784,109686.75,0,Canada,Other,Retail,Churn
10657,24,88800,41007,459,16862.25,6,UK,Male,Retail,Churn
10658,65,94494,29542,429,26255.42,2,India,Male,SME,Churn
10659,40,105249,31705,778,194996.31,8,UK,Other,Corporate,Stay
10660,26,161371,12102,767,126209.5,10,Germany,Female,SME,Stay
10661,58,187648,35482,617,181784.63,7,Germany,,Retail,Stay
10662,46,100705,24471,722,51961.41,4,India,Male,SME,Stay
10663,70,55730,23036,593,93839.59,0,,Female,Corporate,Churn
10664,37,22394,28709,599,119400.75,0,Germany,Female,Retail,Churn
10665,44,166945,29146,704,49979.22,10,Canada,Female,Retail,Stay
10666,34,40764,28171,545,,9,France,Other,Corporate,Stay
10667,36,189989,49188,844,161761.73,6,USA,Male,Retail,Stay
10668,26,95915,7732,766,123545.88,4,France,Other,Corporate,Stay
10669,30,104054,1771,455,9926.41,8,India,Male,Retail,Churn
10670,36,90567,8694,748,145421.41,3,India,Male,Retail,Stay
10671,49,76934,22907,730,62315.34,7,UK,Female,SME,Stay
10672,68,28319,22143,382,168709.26,2,India,Female,Corporate,Churn
10673,22,162394,31311,485,38438.46,4,Canada,Male,Retail,Churn
10674,67,85263,25718,753,49432.44,0,USA,Female,SME,Churn
10675,67,44631,34653,513,94565.11,10,UK,Female,,Stay
10676,58,31058,49306,862,104185.25,4,Canada,Other,Corporate,Stay
10677,30,,3913,523,194654.81,3,France,,Corporate,Stay
10678,18,63872,18594,898,23929.92,3,India,,SME,Stay
10679,68,144589,45615,458,74279.73,1,USA,Male,Corporate,Churn
10680,23,199816,41043,646,186169.76,10,India,Male,Corporate,Stay
10681,59,60348,46462,849,158293.25,2,Canada,Male,Corporate,Stay
10682,53,188990,23261,749,146637.77,0,France,Female,Corporate,Churn
10683,64,55319,16929,340,97060.43,7,Germany,Female,SME,Churn
10684,62,148474,12937,880,37325.35,5,UK,Other,Corporate,Stay
10685,35,176940,36841,464,13775.32,2,Canada,Female,Corporate,Churn
10686,52,116236,30258,300,155183.58,8,Canada,Other,Retail,Churn
10687,19,182459,24360,544,64138.82,1,France,Other,Corporate,Churn
10688,30,157381,45275,809,153146.82,2,Germany,Female,,Stay
10689,44,188009,21604,413,19251.26,10,India,Male,Retail,Churn
10690,29,28198,13743,409,97074.06,1,India,Other,SME,Churn
10691,42,192470,32606,838,124794.1,9,UK,Male,Corporate,Stay
10692,32,178847,47544,372,2617.22,3,France,Female,Retail,Churn
10693,47,187488,4478,669,111603.98,6,UK,Other,Retail,Stay
10694,70,181725,17920,841,8130.63,1,UK,Male,Retail,Churn
10695,51,45459,7133,536,106332.21,3,USA,Other,SME,Stay
10696,33,169429,41481,483,,8,Canada,Other,Retail,Churn
10697,67,187411,38285,666,134898.51,10,Canada,Male,Retail,Stay
10698,,67289,36542,711,100938.56,10,USA,Other,SME,Stay
10699,46,112359,21153,863,198292.6,5,UK,Female,SME,Stay
10700,45,104790,40372,546,112628.94,3,Canada,Other,SME,Stay
10701,34,114374,30148,758,191964.89,0,France,Male,Corporate,Churn
10702,56,24273,34422,438,198682.4,4,India,Female,Retail,Churn
10703,31,,1922,582,183822.42,8,Germany,Other,SME,Stay
10704,27,44716,2973,771,71131.15,2,UK,Female,SME,Stay
10705,33,81078,17293,607,18381.02,6,Germany,Male,SME,Churn
10706,22,105116,32123,477,97655.28,9,India,Other,SME,Churn
10707,37,29796,48393,890,76309.22,0,UK,Female,Corporate,Churn
10708,44,51598,15358,311,126777.42,10,Canada,Male,Corporate,Churn
10709,51,30795,21426,852,112982.58,5,Germany,,Retail,Stay
10710,27,33243,44647,702,,9,Germany,Other,Retail,Stay
10711,32,133229,19491,703,29602.48,5,India,Female,SME,Stay
10712,65,32926,36423,708,52511.6,6,Germany,Female,SME,Stay
10713,26,55355,32017,872,39621.71,6,France,Other,Retail,Stay
10714,53,181479,48712,836,49249.17,1,UK,Female,Corporate,Churn
10715,61,170999,6371,415,134349.51,6,UK,Female,Retail,Churn
10716,38,110315,39420,324,153936.26,2,UK,Other,Corporate,Churn
10717,57,58225,29366,345,184842.64,3,USA,Other,Corporate,Churn
10718,27,42495,7864,355,48609.66,9,USA,Female,Retail,Churn
10719,39,49170,20496,760,94238.06,5,USA,Other,SME,Stay
10720,31,73425,36310,835,150071.03,8,Canada,Other,SME,Stay
10721,27,195180,1705,685,116600.99,10,Germany,Male,Corporate,Stay
10722,28,35757,19113,505,,9,UK,Male,Corporate,Stay
10723,59,22184,4864,697,132074.57,10,France,Female,Retail,Stay
10724,19,96675,43059,695,46233.72,6,Germany,Other,Retail,Stay
10725,38,147051,39631,844,17604.13,3,Germany,Female,SME,Churn
10726,63,25633,3105,553,184454.02,4,UK,Female,Corporate,Stay
10727,65,61157,1704,655,136862.27,5,France,Female,Retail,Stay
10728,50,92319,4563,563,175735.45,0,Germany,Female,Retail,Churn
10729,27,109597,26245,440,17559,6,Germany,Other,SME,Churn
10730,58,199967,15404,727,48072.16,2,Canada,Female,SME,Stay
10731,39,137747,36035,434,41351.45,2,Germany,Other,,Churn
10732,69,73034,9551,616,137706.42,8,USA,Female,Retail,Stay
10733,59,168070,10857,625,13562.81,8,France,Male,,Churn
10734,38,58147,48149,330,153087,6,Canada,Female,Corporate,Churn
10735,65,186945,48887,580,30391.41,3,India,Male,Retail,Stay
10736,19,180427,40932,573,,9,USA,,Retail,Stay
10737,,26837,24044,381,137628.26,7,USA,Other,SME,Churn
10738,48,190280,25007,488,170425.89,7,Canada,Male,Retail,Churn
10739,30,79316,2612,718,152907.77,0,UK,Female,Retail,Churn
10740,65,195987,13792,509,13227.26,7,Germany,Female,SME,Churn
10741,38,139942,16673,737,80973.35,0,Germany,Other,Corporate,Churn
10742,64,,26331,885,,8,France,Other,Retail,Stay
10743,51,48656,30096,767,,0,USA,Other,,Churn
10744,43,30289,37049,696,103225.34,10,India,Male,Corporate,Stay
10745,46,124343,20459,592,92269.43,6,UK,Other,Retail,Stay
10746,62,155520,9821,774,165978.7,7,India,Other,SME,Stay
10747,25,67125,38867,859,27061.33,6,UK,Female,,Stay
10748,29,138929,39186,506,176509.69,1,UK,Female,SME,Churn
10749,59,62990,47579,426,18238.25,7,France,Female,Retail,Churn
10750,51,120686,48136,823,122414.51,2,Canada,Other,Corporate,Stay
10751,20,64796,22467,879,174261.08,2,USA,Male,Retail,Stay
10752,67,33450,27997,615,61903.66,7,UK,Other,Retail,Stay
10753,25,54490,13794,303,124512.07,4,India,,Corporate,Churn
10754,49,162475,876,805,47575.67,9,France,Female,Corporate,Stay
10755,44,135834,5703,306,48942.63,8,UK,Other,SME,Churn
10756,53,74430,3705,489,29651.23,10,UK,Male,Retail,Churn
10757,20,194849,38385,605,66222.22,1,India,Male,,Churn
10758,29,62293,44546,591,122217.95,9,Germany,Other,Retail,Stay
10759,47,171772,24105,336,18625.26,4,UK,Female,Corporate,Churn
10760,70,,28505,863,12985.17,7,USA,Male,,Churn
10761,,106300,35040,723,104929.24,3,Germany,Male,Retail,Stay
10762,54,184882,35165,389,,9,France,Female,,Churn
10763,56,102965,17517,838,115028.54,9,UK,,SME,Stay
10764,54,150127,34559,809,98500.89,2,Germany,Male,SME,Stay
10765,36,70739,603,421,,10,India,Other,Retail,Churn
10766,69,181299,27673,723,9098.44,5,Germany,Other,Retail,Churn
10767,18,187934,13685,588,50883.5,1,UK,Female,SME,Churn
10768,53,104914,901,416,137167.16,5,Canada,,SME,Churn
10769,57,27632,12010,498,66102.97,5,France,Female,Corporate,Churn
10770,69,29321,42813,439,96299.1,10,Canada,Other,Corporate,Churn
10771,47,128515,49166,357,167021.15,4,Germany,Other,SME,Churn
10772,38,,35619,319,41652.49,10,UK,Female,Retail,Churn
10773,27,93520,2542,647,196723.75,10,Germany,Male,SME,Stay
10774,56,122122,12780,419,172918.74,4,France,Female,SME,Churn
10775,20,91171,27623,388,99410.89,3,UK,Female,Corporate,Churn
10776,31,157651,20312,479,22446.25,0,USA,Male,Corporate,Churn
10777,50,26536,32131,812,30815.56,5,Canada,Other,SME,Stay
10778,37,105809,9890,400,164427.7,8,France,Male,Retail,Churn
10779,64,29582,30605,696,142735.48,8,India,Male,Corporate,Stay
10780,20,175788,6206,641,93375.18,0,India,Other,SME,Churn
10781,65,101914,1973,891,151698.76,10,USA,Female,Retail,Stay
10782,30,95121,18630,845,63829.96,7,France,Male,Corporate,Stay
10783,27,61286,18433,417,3051.34,9,Germany,Other,Retail,Churn
10784,31,162220,23458,862,63696.98,2,France,Female,SME,Stay
10785,33,64898,5168,618,122652.58,5,Germany,Female,Retail,Stay
10786,26,27600,31350,351,21185.38,0,India,Female,Corporate,Churn
10787,29,176269,39346,756,,4,UK,Male,,Stay
10788,66,195864,35462,380,194736.38,7,Germany,Male,Retail,Churn
10789,70,142755,6874,766,62078.34,10,France,Female,Corporate,Stay
10790,32,78666,9918,564,182572.32,6,USA,Other,SME,Stay
10791,39,105134,30206,799,6052.83,7,India,Female,,Churn
10792,47,64774,18998,656,120888.05,2,Germany,Male,Corporate,Stay
10793,70,48044,21856,869,129890.28,4,Germany,Female,Corporate,Stay
10794,55,128381,16135,549,109589.8,7,Canada,Male,Corporate,Stay
10795,31,174919,28755,745,113442.24,5,Germany,Other,Retail,Stay
10796,29,193699,44383,379,147873.41,9,Canada,Male,,Churn
10797,56,141348,21823,868,19530.78,7,USA,Female,Corporate,Churn
10798,22,176830,7626,688,65481.65,10,France,Male,Retail,Stay
10799,31,56416,38561,300,151415.54,10,USA,,SME,Churn
10800,,122231,40842,891,,3,France,Female,Corporate,Stay
10801,54,198142,20458,745,143558.24,5,India,Other,Retail,Stay
10802,57,153804,26989,430,,0,UK,Other,Retail,Churn
10803,18,166808,24043,412,,0,USA,Female,SME,Churn
10804,55,123355,41474,625,142354.73,6,Canada,Female,SME,Stay
10805,31,193667,11864,786,27813.77,8,Canada,Female,Corporate,Stay
10806,27,95620,44413,428,26855.49,1,,Male,Retail,Churn
10807,64,147585,43617,747,,2,India,Male,SME,Stay
10808,69,129014,30386,735,124649.7,7,Germany,Female,SME,Stay
10809,70,137976,25712,663,45148.18,6,Germany,Male,,Stay
10810,49,82062,47170,813,53850.09,8,Germany,Female,Retail,Stay
10811,20,168937,32171,677,22632.87,7,France,Male,Retail,Stay
10812,64,157994,49690,586,92987.27,1,Germany,Other,Retail,Churn
10813,33,143850,41831,379,136814.8,8,Germany,Female,SME,Churn
10814,21,110058,35563,311,93773.76,8,Canada,Other,SME,Churn
10815,39,130366,23628,601,57841.69,0,,Other,SME,Churn
10816,37,167772,17568,362,125860.01,9,USA,Other,Retail,Churn
10817,60,96481,48824,327,57363.13,1,USA,Other,Retail,Churn
10818,68,92836,17018,435,123159.55,4,UK,Male,SME,Churn
10819,25,178288,11943,454,131831.13,5,USA,Female,SME,Churn
10820,33,147118,12349,840,172402.89,5,India,Male,SME,Stay
10821,70,60409,33002,722,154073.56,3,France,Female,SME,Stay
10822,58,63852,14318,891,146872.22,5,India,Other,Corporate,Stay
10823,66,,3942,471,92802.99,7,UK,Female,,Churn
10824,66,,15813,688,,6,Canada,Female,Retail,Stay
10825,,133962,1277,595,185444.51,7,Canada,Other,Corporate,Stay
10826,51,199011,3188,399,183542.43,10,UK,Female,SME,Churn
10827,59,91457,22452,576,53417.56,1,UK,Other,SME,Churn
10828,43,140876,44755,547,146862.69,9,USA,Other,Corporate,Stay
10829,61,67164,21030,860,2115.6,0,India,Male,Corporate,Churn
10830,24,157694,7309,756,70303.28,4,UK,Male,Retail,Stay
10831,19,182371,6525,358,187701.09,10,USA,Other,SME,Churn
10832,25,51451,6161,433,75191.69,10,Germany,Male,Retail,Churn
10833,62,68303,17102,601,93391.12,1,France,Female,Corporate,Churn
10834,67,131931,45865,631,51467.32,1,UK,Male,Corporate,Churn
10835,42,107203,4436,564,191121.14,4,USA,Female,Retail,Stay
10836,49,72604,40496,702,35688.43,7,,Male,SME,Stay
10837,67,133050,14812,408,182521.84,4,India,Male,Retail,Churn
10838,22,169774,48180,556,155447.43,0,Canada,Male,SME,Churn
10839,58,20227,2979,699,53287.3,5,Canada,Other,Retail,Stay
10840,50,,31835,746,80782.55,1,Germany,Male,Retail,Churn
10841,42,146370,8443,880,107060.82,5,UK,Other,Corporate,Stay
10842,43,34468,41936,392,73071.07,5,India,Female,Corporate,Churn
10843,,73246,12074,867,7866.24,6,France,Male,Corporate,Churn
10844,62,122263,7497,667,97300.71,10,Canada,,Retail,Stay
10845,26,29358,13154,325,143947.81,9,USA,Female,Corporate,Churn
10846,22,,42666,615,99936.83,7,India,Male,Corporate,Stay
10847,21,108530,47752,343,81101.57,3,France,Other,SME,Churn
10848,47,197754,35664,452,148210.3,3,India,Male,SME,Churn
10849,27,148160,43349,319,94243.93,9,India,Male,SME,Churn
10850,59,54219,1441,476,126532.29,4,India,Female,SME,Churn
10851,28,174938,4691,408,22835.94,9,Germany,Male,Retail,Churn
10852,69,73121,28432,645,162304.21,10,Canada,,Retail,Stay
10853,61,170986,36275,440,64317.98,3,India,Other,Retail,Churn
10854,39,36573,8413,580,28247.36,6,USA,Other,Corporate,Stay
10855,53,63255,29248,549,185135.11,0,USA,,SME,Churn
10856,57,118600,10838,316,175925.39,1,India,Male,,Churn
10857,23,190853,39410,590,83244.45,7,,Male,Retail,Stay
10858,27,187726,18256,835,90083.83,3,USA,Other,SME,Stay
10859,20,176309,12296,811,122409.96,1,,Female,Corporate,Churn
10860,44,21198,37050,541,38380.57,8,India,Other,Corporate,Stay
10861,66,161485,33762,524,92843.2,10,France,Male,Corporate,Stay
10862,21,70782,7884,452,137048.75,7,Canada,Male,Retail,Churn
10863,60,31302,4040,672,57012.9,6,UK,Female,SME,Stay
10864,69,138789,3338,406,148083.38,8,USA,Male,Retail,Churn
10865,49,154978,8106,372,179015.83,7,Germany,Other,Corporate,Churn
10866,44,72101,49461,633,46012.65,1,UK,Male,Retail,Churn
10867,33,128159,13604,684,178273.03,1,Canada,Other,Corporate,Churn
10868,21,134259,9998,521,185577.42,7,USA,Female,Corporate,Stay
10869,26,139993,47674,498,126404.22,4,,Female,Retail,Churn
10870,20,169072,4409,587,27300.3,7,Canada,Female,Retail,Stay
10871,66,110066,14908,602,120727.2,10,Germany,Male,SME,Stay
10872,53,80215,6167,721,171394.75,7,,Other,Corporate,Stay
10873,,93182,1450,738,147235.77,3,USA,Female,Corporate,Stay
10874,55,78302,39282,452,182750.94,0,Canada,Male,Retail,Churn
10875,48,152177,2703,735,106224.35,7,,Male,Corporate,Stay
10876,49,83048,5945,871,150615.74,6,USA,,,Stay
10877,36,82668,42943,392,3186.03,10,UK,Male,SME,Churn
10878,47,169521,49474,897,4882.69,7,Canada,Male,SME,Churn
10879,43,68482,24775,775,140780.41,0,France,Male,Corporate,Churn
10880,62,107269,35294,333,59318,4,France,Other,SME,Churn
10881,54,74302,45370,382,124091.04,5,France,Male,SME,Churn
10882,61,115417,3879,413,76591,7,,Male,Corporate,Churn
10883,41,65945,42978,872,140974.73,8,,Male,Retail,Stay
10884,,,35865,416,129807.68,9,,Male,SME,Churn
10885,,79097,21501,661,179586.61,8,,Female,Corporate,Stay
10886,21,36611,24932,653,90482.13,8,Germany,Male,Corporate,Stay
10887,63,159435,44953,845,179890.24,7,Germany,Female,SME,Stay
10888,62,37203,12843,768,17461.75,6,USA,Female,Retail,Churn
10889,24,63192,18584,414,139416.42,7,USA,Male,SME,Churn
10890,58,,19713,726,193914.92,8,USA,Female,Corporate,Stay
10891,44,136355,48846,321,58303.36,1,India,Male,SME,Churn
10892,59,108048,27480,892,68558.5,10,UK,Female,SME,Stay
10893,60,158979,36444,755,91601.42,9,USA,Female,Retail,Stay
10894,68,88159,15362,795,74380.46,4,India,Male,Corporate,Stay
10895,36,139518,11402,464,142362.43,4,USA,Male,SME,Churn
10896,62,194681,10558,465,47581.06,0,UK,Other,Retail,Churn
10897,46,88264,24726,488,41031.07,0,France,Female,Corporate,Churn
10898,27,117757,29888,852,195093.14,8,UK,Male,Retail,Stay
10899,43,150919,10027,769,185562.26,2,India,Other,SME,Stay
10900,50,106843,42917,602,94782.13,4,Germany,,Retail,Stay
10901,69,168172,48245,752,67736.89,1,France,,Retail,Churn
10902,26,197735,36607,419,61616.44,6,Germany,Male,Corporate,Churn
10903,40,44243,21888,356,121630.24,3,Germany,Other,Retail,Churn
10904,68,92856,13326,323,16717.91,7,France,Other,Retail,Churn
10905,50,123395,13243,802,63551.56,9,Germany,Male,SME,Stay
10906,41,124217,10195,737,73925.99,5,India,Female,Corporate,Stay
10907,40,100762,29701,874,17519.73,7,,Female,Corporate,Churn
10908,36,62936,48210,734,145721.1,6,USA,Other,SME,Stay
10909,,57654,14117,610,94922.63,8,UK,Male,SME,Stay
10910,66,118506,6296,306,81892.13,4,Canada,Male,SME,Churn
10911,47,168875,49995,440,39851.51,6,UK,Other,Corporate,Churn
10912,20,99165,38852,611,98820.1,7,USA,Male,Retail,Stay
10913,27,88859,20171,783,24835.38,10,,Female,Retail,Stay
10914,49,189026,16539,329,23870.93,4,Canada,,SME,Churn
10915,65,,38580,792,113114.92,4,France,Other,Corporate,Stay
10916,62,51348,24958,824,146591.45,0,UK,Male,,Churn
10917,21,58308,21450,772,175663.45,2,UK,Male,Retail,Stay
10918,35,114676,27993,664,9742.98,4,Germany,Other,Retail,Churn
10919,50,,41658,487,152937.88,9,USA,Other,Corporate,Churn
10920,38,199560,20231,577,137088.74,5,India,Other,SME,Stay
10921,,57674,1345,440,103634.15,5,Canada,Female,Corporate,Churn
10922,28,46848,14778,458,100676.58,3,Germany,Other,SME,Churn
10923,51,159485,47197,864,140452.98,1,Canada,Female,Retail,Churn
10924,25,54401,1638,791,69641.98,5,USA,Female,SME,Stay
10925,51,<NA>,11785,611,5751.91,1,USA,Male,SME,Churn
10926,27,79395,20647,428,41968.2,1,Canada,Other,Retail,Churn
10927,22,24929,32236,741,8503.39,1,India,Other,SME,Churn
10928,55,35536,31241,421,181705.86,0,India,Female,SME,Churn
10929,18,45297,8612,510,117520.61,3,USA,Other,Corporate,Stay
10930,19,43797,10039,584,189758.32,5,UK,Male,SME,Stay
10931,67,180682,16348,817,114047.07,1,Germany,Male,SME,Churn
10932,,70213,18971,475,180332.06,8,India,Other,Retail,Churn
10933,31,152171,46883,786,73292.61,9,USA,Female,SME,Stay
10934,24,67408,23753,688,84818.37,8,,Female,,Stay
10935,66,102386,8601,777,22063.23,2,Canada,Female,SME,Stay
10936,36,166048,47825,341,,7,India,Female,Corporate,Churn
10937,47,177388,48745,619,137409.31,7,USA,Other,Corporate,Stay
10938,36,132187,12872,371,178950.93,7,France,Female,Retail,Churn
10939,18,196726,32720,407,79273.95,8,,Other,Retail,Churn
10940,25,57582,26374,710,139007.42,1,France,Male,Retail,Churn
10941,41,72189,22692,505,118992.17,6,India,Male,Corporate,Stay
10942,64,150838,18752,895,118729.99,10,Canada,Female,Corporate,Stay
10943,60,178116,27005,796,102282.9,2,Canada,Male,Retail,Stay
10944,34,148277,33089,536,125674.21,2,India,Male,SME,Stay
10945,21,37885,33145,327,194414.51,6,Germany,Other,Corporate,Churn
10946,27,99364,41261,398,152034.29,10,Germany,Female,Corporate,Churn
10947,30,96955,43890,809,98050.07,4,Germany,Female,SME,Stay
10948,52,24632,2570,740,176025.13,1,,Female,Corporate,Churn
10949,42,136013,30624,336,6571.96,8,France,Female,SME,Churn
10950,28,148838,28725,437,62491.94,6,Canada,Male,SME,Churn
10951,61,148595,43758,867,137074.83,9,Canada,Female,SME,Stay
10952,28,152824,4152,700,52678.2,9,Canada,Other,SME,Stay
10953,40,94563,21503,362,5629.4,0,USA,Female,Corporate,Churn
10954,69,173083,2262,649,76114.68,6,UK,Female,,Stay
10955,40,34797,43835,550,49522.79,10,UK,Other,Retail,Stay
10956,62,37170,20482,417,67518.85,0,Germany,Female,Retail,Churn
10957,47,192429,28187,881,,6,UK,Male,SME,Stay
10958,48,174137,1957,624,75547.52,6,UK,Other,Retail,Stay
10959,69,148020,7057,510,67193.49,8,France,Female,Retail,Stay
10960,57,98517,24311,746,40351.73,10,India,Other,Retail,Stay
10961,36,89508,3615,604,199245.54,6,USA,Other,SME,Stay
10962,,171569,6708,644,54672.99,9,Germany,Female,Corporate,Stay
10963,31,111046,5524,609,100927.91,4,Canada,Other,,Stay
10964,38,,27652,711,50252.96,8,Canada,Other,SME,Stay
10965,29,24876,41646,828,172541.96,9,Canada,Male,SME,Stay
10966,70,142498,18059,845,161786.7,6,Germany,Other,SME,Stay
10967,21,156909,13649,673,92497.34,3,USA,Other,SME,Stay
10968,66,98715,29033,720,63730.64,1,France,Male,Corporate,Churn
10969,35,95247,42839,464,51289.33,9,,Female,Retail,Churn
10970,25,59311,13077,328,49117.32,4,Canada,Female,SME,Churn
10971,45,130629,42896,337,40398.1,4,USA,Male,Corporate,Churn
10972,68,92816,43666,863,35197.04,0,France,Female,Retail,Churn
10973,21,42001,21072,605,173434.36,6,UK,Other,SME,Stay
10974,23,124043,47963,443,47208.23,9,France,Other,Retail,Churn
10975,,194120,38538,837,50361.61,1,USA,Other,Retail,Churn
10976,67,102158,22080,898,147447.27,3,Canada,Male,Retail,Stay
10977,24,65915,14531,581,87895.08,4,Germany,Male,Corporate,Stay
10978,52,118226,46350,415,63297.99,6,Canada,Other,,Churn
10979,35,57987,24289,786,143134.25,4,India,Other,SME,Stay
10980,20,193597,4083,545,50596.58,6,UK,Other,SME,Stay
10981,41,199633,8498,847,173390.59,7,Canada,Male,Corporate,Stay
10982,34,98876,6414,541,59484.58,2,Canada,Other,Corporate,Stay
10983,69,188933,27126,334,,1,Canada,Female,SME,Churn
10984,44,107221,47514,732,175352.25,1,USA,Other,Corporate,Churn
10985,50,37397,23559,730,120423.19,8,France,Female,Corporate,Stay
10986,62,27169,3914,488,126031.27,10,USA,Male,Corporate,Churn
10987,30,184704,20524,621,115161.87,1,USA,Male,SME,Churn
10988,63,190178,9025,720,158528.46,5,,Female,SME,Stay
10989,26,88335,11869,635,159905.73,3,India,Female,Corporate,Stay
10990,29,123152,25228,884,44897.43,0,Germany,Other,SME,Churn
10991,58,79954,6331,773,39653.24,2,India,Female,SME,Stay
10992,45,,17549,452,17812.25,5,USA,Other,Retail,Churn
10993,18,157845,29018,764,165451.49,7,India,Male,SME,Stay
10994,31,69950,17945,594,149288.61,6,USA,Female,Retail,Stay
10995,56,76509,19044,493,83666.2,6,USA,Male,Corporate,Churn
10996,34,81731,40980,761,181465.65,5,Germany,Other,SME,Stay
10997,47,42475,1176,780,26640.99,5,France,Female,SME,Stay
10998,31,120531,46929,733,147220.82,4,India,Male,SME,Stay
10999,21,33661,22314,540,94186.48,5,,Other,SME,Stay
11000,63,31930,851,559,100908.4,6,UK,Female,,Stay
10643,41,125012,18825,761,35977.85,2,Germany,Other,Retail,Stay
10763,56,102965,17517,838,115028.54,9,UK,,SME,Stay
10910,66,118506,6296,306,81892.13,4,Canada,Male,SME,Churn
10200,19,115052,20741,484,190233.86,5,Canada,Male,Retail,Churn
10587,29,,40255,383,168358.6,2,Germany,Male,Corporate,Churn
10798,22,176830,7626,688,65481.65,10,France,Male,Retail,Stay
10653,32,,21266,598,142086.7,9,France,Female,Corporate,Stay
10756,53,74430,3705,489,29651.23,10,UK,Male,Retail,Churn
10417,70,40417,37956,681,23880.19,10,India,Male,Retail,Stay
10499,34,166546,12497,643,130886.93,3,UK,Male,SME,Stay
10515,62,199762,41808,309,60223.29,10,India,Other,SME,Churn
10457,44,63604,27633,804,176354.13,5,Germany,Female,Retail,Stay
10882,61,115417,3879,413,76591,7,,Male,Corporate,Churn
10531,64,85162,32083,654,132742.13,10,Canada,Male,SME,Stay
10181,50,166466,44281,662,14415.1,0,Canada,Male,Corporate,Churn
10450,43,173620,7121,644,60353.03,2,USA,Other,Corporate,Stay
10753,25,54490,13794,303,124512.07,4,India,,Corporate,Churn
10810,49,82062,47170,813,53850.09,8,Germany,Female,Retail,Stay
10267,38,,10424,722,138100.05,6,Germany,Other,Corporate,Stay
10059,62,97504,36833,430,,10,Canada,Other,,Churn